AttributID,AttributName,SortAttribut,AttributDescriptionDE,Pset,AllowedValuesDE,RegexCheckDE,DataTyp,Unit,IFC2x3,IFC4,IFC4.3,Applicability,ProjectPhaseDE,ElementID,ModelID,WorkflowID
Name_Projekt,Name,"1,0",Projekt-Nr Bauherr,,{Projektname},,IfcLabel,,,,,,"11 Bedürfnisformulierung / Lösungsstrategien, 21 Definition des Vorhabens / Machbarkeitsstudie, 22 Auswahlverfahren, 31 Vorprojekt, 32 Bauprojekt, 33 Bewilligungsverfahren, 41 Ausschreibung / Offertvergleich, Vergabantrag, 51 Ausführungsplanung, 52 Ausführung, 53 Inbetriebnahme / Abschluss, 61 Betrieb, 62 Erhaltung",Projekt,"Architektur Gesamtmodell inkl. Räumen,Architektur Referenzmodell / Perimeter / Koordinationselemente,HLKSE Heizung-Kälte,Architektur Gebäudevolumen,Architektur Geschossfläche,HLKSE Sanitärplanung,HLKSE Lüftung-Klima,HLKSE Elektroplanung,Bauingenieur Tragwerk inkl. Sperrzonen,Innenarchitektur,Landschaftsarchitektur,Spezialist Sicherheitsplanung,Bauingenieur Baugrube,Fassadenplanung,Bauingenieur Sperrzonen,Bauingenieur Holzbau,Bauingenieur Stahlbau,Bauingenieur Tiefbau & Werkleitungen,HLKSE Aussparungen,HLKSE Lichtplanung,HLKSE Gebäudeautomation,HLKSE Sprinklerplanung","Datenübergabe in Bewirtschaftung BBL,Wartung / Inspektion (OM),Projektstart mit BIM,Berechnen von Flächenkennwerten gemäss DIN 277-SIA 0165,Berechnen von SIA416 Volumenkennwerten,Visualisieren & Verwalten von Lastenanforderungen,Abgleich von Soll-Raumprogramm zu Ist-Raumprogramm,Inventar,Beschaffung (PM/OM),Reinigung / Umgebungspflege,Zählen von Parkplätzen,Berechnen der Energiebezugsfläche"
Name_Gebäudezone,Name,"1,0",Gebäudezone gemäss Nummerierungskonzept des Planers. Starten Sie die Bezeichnung mit GB gefolgt von einer ganzzahligen Nummer. z.B. GB13,,^GB\d+$,^GB\d+$,IfcLabel,,,,,,"11 Bedürfnisformulierung / Lösungsstrategien, 21 Definition des Vorhabens / Machbarkeitsstudie, 22 Auswahlverfahren, 31 Vorprojekt, 32 Bauprojekt, 33 Bewilligungsverfahren, 41 Ausschreibung / Offertvergleich, Vergabantrag, 51 Ausführungsplanung, 52 Ausführung, 53 Inbetriebnahme / Abschluss, 61 Betrieb, 62 Erhaltung",Gebäudezone,Architektur Gesamtmodell inkl. Räumen,"Beschaffung (PM/OM),Datenübergabe in Bewirtschaftung BBL,Projektstart mit BIM,Visualisieren von Gebäudezonen"
Name_Architektonische Bauteil / Element (Allgemein),Name,"1,0","Frei wählbar nach konsistenter Definition des Fachplaner. Entweder als Bauteiltyp oder wenn sinnvoll kann der Name mit einer eindeutige Nummer ergänzt werden. 
Beispiel: Fertigteilstützen Nr. 007, Lüftungsklappen Nr. 018, Brandschotts Nr. 321...",,,,IfcLabel,,,,,,"11 Bedürfnisformulierung / Lösungsstrategien, 21 Definition des Vorhabens / Machbarkeitsstudie, 22 Auswahlverfahren, 31 Vorprojekt, 32 Bauprojekt, 33 Bewilligungsverfahren, 41 Ausschreibung / Offertvergleich, Vergabantrag, 51 Ausführungsplanung, 52 Ausführung, 53 Inbetriebnahme / Abschluss, 61 Betrieb, 62 Erhaltung",Architektonische Bauteil / Element (Allgemein),"Architektur Gesamtmodell inkl. Räumen,Fassadenplanung,Landschaftsarchitektur,Innenarchitektur,Spezialist Sicherheitsplanung",Datenübergabe in Bewirtschaftung BBL
Name_Planungsperimeter / Projektperimeter,Name,"1,0",Eindeutiger Identifier des Grundstücks (WE/Grundstück Nr.) z.B. 2564/01,,,,IfcLabel,,,,,,"11 Bedürfnisformulierung / Lösungsstrategien, 21 Definition des Vorhabens / Machbarkeitsstudie, 22 Auswahlverfahren, 31 Vorprojekt, 32 Bauprojekt, 33 Bewilligungsverfahren, 41 Ausschreibung / Offertvergleich, Vergabantrag, 51 Ausführungsplanung, 52 Ausführung, 53 Inbetriebnahme / Abschluss, 61 Betrieb, 62 Erhaltung",Planungsperimeter / Projektperimeter,"Architektur Gesamtmodell inkl. Räumen,Architektur Referenzmodell / Perimeter / Koordinationselemente,HLKSE Heizung-Kälte,Architektur Gebäudevolumen,Architektur Geschossfläche,HLKSE Sanitärplanung,HLKSE Lüftung-Klima,HLKSE Elektroplanung,Bauingenieur Tragwerk inkl. Sperrzonen,Innenarchitektur,Landschaftsarchitektur,Spezialist Sicherheitsplanung,Bauingenieur Baugrube,Fassadenplanung,Bauingenieur Sperrzonen,Bauingenieur Holzbau,Bauingenieur Stahlbau,Bauingenieur Tiefbau & Werkleitungen,HLKSE Aussparungen,HLKSE Lichtplanung,HLKSE Gebäudeautomation,HLKSE Sprinklerplanung","Datenübergabe in Bewirtschaftung BBL,Wartung / Inspektion (OM),Projektstart mit BIM,Berechnen von Flächenkennwerten gemäss DIN 277-SIA 0165,Berechnen von SIA416 Volumenkennwerten,Visualisieren & Verwalten von Lastenanforderungen,Abgleich von Soll-Raumprogramm zu Ist-Raumprogramm,Inventar,Beschaffung (PM/OM),Reinigung / Umgebungspflege,Zählen von Parkplätzen,Berechnen der Energiebezugsfläche"
Name_Fenster / Oberlichter (eBKP-H: E03.01),Name,"1,0",In späteren Phasen ist auch  eine eindeutige Fensternummer möglich.,,,,IfcLabel,,,,,,"52 Ausführung, 53 Inbetriebnahme / Abschluss, 61 Betrieb",Fenster / Oberlichter (eBKP-H: E03.01),Architektur Gesamtmodell inkl. Räumen,Datenübergabe in Bewirtschaftung BBL
Name_Gebäude / Bauwerke,Name,"1,0","Gebäude ID. Eindeutiger Identifier des Bauwerkes (WE/Objekt Nr.): ""2564/AB""",,,,IfcLabel,,,,,,"11 Bedürfnisformulierung / Lösungsstrategien, 21 Definition des Vorhabens / Machbarkeitsstudie, 22 Auswahlverfahren, 31 Vorprojekt, 32 Bauprojekt, 33 Bewilligungsverfahren, 41 Ausschreibung / Offertvergleich, Vergabantrag, 51 Ausführungsplanung, 52 Ausführung, 53 Inbetriebnahme / Abschluss, 61 Betrieb, 62 Erhaltung",Gebäude / Bauwerke,"Architektur Gesamtmodell inkl. Räumen,Architektur Referenzmodell / Perimeter / Koordinationselemente,HLKSE Heizung-Kälte,Architektur Gebäudevolumen,Architektur Geschossfläche,HLKSE Sanitärplanung,HLKSE Lüftung-Klima,HLKSE Elektroplanung,Bauingenieur Tragwerk inkl. Sperrzonen,Innenarchitektur,Landschaftsarchitektur,Spezialist Sicherheitsplanung,Bauingenieur Baugrube,Fassadenplanung,Bauingenieur Sperrzonen,Bauingenieur Holzbau,Bauingenieur Stahlbau,Bauingenieur Tiefbau & Werkleitungen,HLKSE Aussparungen,HLKSE Lichtplanung,HLKSE Gebäudeautomation,HLKSE Sprinklerplanung","Datenübergabe in Bewirtschaftung BBL,Wartung / Inspektion (OM),Projektstart mit BIM,Berechnen von Flächenkennwerten gemäss DIN 277-SIA 0165,Berechnen von SIA416 Volumenkennwerten,Visualisieren & Verwalten von Lastenanforderungen,Abgleich von Soll-Raumprogramm zu Ist-Raumprogramm,Inventar,Beschaffung (PM/OM),Reinigung / Umgebungspflege,Zählen von Parkplätzen,Berechnen der Energiebezugsfläche"
Name_Raum,Name,"1,0","Eindeutige Nummer des Raumes. z.B. 01.008 nach dem Schema Geschoss Fortlaufende Nummer


",,,,IfcLabel,,,,,,"32 Bauprojekt, 33 Bewilligungsverfahren, 41 Ausschreibung / Offertvergleich, Vergabantrag, 51 Ausführungsplanung, 52 Ausführung, 53 Inbetriebnahme / Abschluss, 61 Betrieb",Raum,Architektur Gesamtmodell inkl. Räumen,"Datenübergabe in Bewirtschaftung BBL,Projektstart mit BIM"
Name_eBKP-H Klassifizierung,Name,"1,0",Alle Bauteile sind nach eBKP-H Gruppe und zweistelligen Zahlencode zu klassifizieren.,,,,,,,,,,"52 Ausführung, 53 Inbetriebnahme / Abschluss, 61 Betrieb, 32 Bauprojekt, 33 Bewilligungsverfahren, 41 Ausschreibung / Offertvergleich, Vergabantrag, 51 Ausführungsplanung",eBKP-H Klassifizierung,"Architektur Gesamtmodell inkl. Räumen,HLKSE Heizung-Kälte,HLKSE Sanitärplanung,HLKSE Lüftung-Klima,HLKSE Elektroplanung,Bauingenieur Tragwerk inkl. Sperrzonen,Innenarchitektur,Landschaftsarchitektur,Spezialist Sicherheitsplanung,Bauingenieur Baugrube,Fassadenplanung,Bauingenieur Holzbau,Bauingenieur Stahlbau,Bauingenieur Tiefbau & Werkleitungen,HLKSE Aussparungen,HLKSE Lichtplanung,HLKSE Gebäudeautomation,HLKSE Sprinklerplanung",Visualisieren der eBKP-h Zuordnung von Bauteilen für Plausibilisierungen
Name_Geschoss / Stockwerk,Name,"1,0","Eindeutiger Identifier des Geschosses gemäss Klassifikation Geschosse: ""01""",,,,IfcLabel,,,,,,"11 Bedürfnisformulierung / Lösungsstrategien, 21 Definition des Vorhabens / Machbarkeitsstudie, 22 Auswahlverfahren, 31 Vorprojekt, 32 Bauprojekt, 33 Bewilligungsverfahren, 41 Ausschreibung / Offertvergleich, Vergabantrag, 51 Ausführungsplanung, 52 Ausführung, 53 Inbetriebnahme / Abschluss, 61 Betrieb, 62 Erhaltung",Geschoss / Stockwerk,"Architektur Gesamtmodell inkl. Räumen,Architektur Referenzmodell / Perimeter / Koordinationselemente,HLKSE Heizung-Kälte,Architektur Gebäudevolumen,Architektur Geschossfläche,HLKSE Sanitärplanung,HLKSE Lüftung-Klima,HLKSE Elektroplanung,Bauingenieur Tragwerk inkl. Sperrzonen,Innenarchitektur,Landschaftsarchitektur,Spezialist Sicherheitsplanung,Bauingenieur Baugrube,Fassadenplanung,Bauingenieur Sperrzonen,Bauingenieur Holzbau,Bauingenieur Stahlbau,Bauingenieur Tiefbau & Werkleitungen,HLKSE Aussparungen,HLKSE Lichtplanung,HLKSE Gebäudeautomation,HLKSE Sprinklerplanung","Datenübergabe in Bewirtschaftung BBL,Wartung / Inspektion (OM),Projektstart mit BIM,Inventar,Beschaffung (PM/OM),Reinigung / Umgebungspflege,Zählen von Parkplätzen,Berechnen von Flächenkennwerten gemäss DIN 277-SIA 0165,Berechnen von SIA416 Volumenkennwerten,Visualisieren & Verwalten von Lastenanforderungen,Abgleich von Soll-Raumprogramm zu Ist-Raumprogramm,Berechnen der Energiebezugsfläche"
Name_Brandabschnittszone,Name,"1,0",Brandabschnitte gemäss Nummerierungskonzept des Planers.  Starten Sie die Bezeichnung mit BR gefolgt von einer ganzzahligen Nummer. z.B. BR13,,^BR\d+$,^BR\d+$,IfcLabel,,,,,,"11 Bedürfnisformulierung / Lösungsstrategien, 21 Definition des Vorhabens / Machbarkeitsstudie, 22 Auswahlverfahren, 31 Vorprojekt, 32 Bauprojekt, 33 Bewilligungsverfahren, 41 Ausschreibung / Offertvergleich, Vergabantrag, 51 Ausführungsplanung, 52 Ausführung, 53 Inbetriebnahme / Abschluss, 61 Betrieb, 62 Erhaltung",Brandabschnittszone,Architektur Gesamtmodell inkl. Räumen,"Beschaffung (PM/OM),Datenübergabe in Bewirtschaftung BBL,Visualisieren der Schutzzonen,Projektstart mit BIM"
Name_Baurechtliche Parzelle,Name,"1,0",Parzellennummer gemäss Katasterplan,,,,IfcLabel,,,,,,"11 Bedürfnisformulierung / Lösungsstrategien, 21 Definition des Vorhabens / Machbarkeitsstudie, 22 Auswahlverfahren, 31 Vorprojekt, 32 Bauprojekt, 33 Bewilligungsverfahren, 41 Ausschreibung / Offertvergleich, Vergabantrag, 51 Ausführungsplanung, 52 Ausführung, 53 Inbetriebnahme / Abschluss, 61 Betrieb, 62 Erhaltung",Baurechtliche Parzelle,Architektur Gesamtmodell inkl. Räumen,Berechnen von Flächenkennwerten gemäss DIN 277-SIA 0165
Name_Evakuierungszone,Name,"1,0",Evakuierungszone gemäss Nummerierungskonzept des Planers. Starten Sie die Bezeichnung mit EV gefolgt von einer ganzzahligen Nummer. z.B. EV13,,^EV\d+$,^EV\d+$,IfcLabel,,,,,,"11 Bedürfnisformulierung / Lösungsstrategien, 21 Definition des Vorhabens / Machbarkeitsstudie, 22 Auswahlverfahren, 31 Vorprojekt, 32 Bauprojekt, 33 Bewilligungsverfahren, 41 Ausschreibung / Offertvergleich, Vergabantrag, 51 Ausführungsplanung, 52 Ausführung, 53 Inbetriebnahme / Abschluss, 61 Betrieb, 62 Erhaltung",Evakuierungszone,Architektur Gesamtmodell inkl. Räumen,"Beschaffung (PM/OM),Datenübergabe in Bewirtschaftung BBL,Projektstart mit BIM,Visualisieren von Evakuationsbereichen"
Name_Aussenraum,Name,"1,0","Eindeutige Nummer des Raumes. z.B. 01.008 nach dem Schema Geschoss Fortlaufende Nummer


",,,,IfcLabel,,,,,,"32 Bauprojekt, 33 Bewilligungsverfahren, 41 Ausschreibung / Offertvergleich, Vergabantrag, 51 Ausführungsplanung, 52 Ausführung, 53 Inbetriebnahme / Abschluss, 61 Betrieb",Aussenraum,Architektur Gesamtmodell inkl. Räumen,"Datenübergabe in Bewirtschaftung BBL,Projektstart mit BIM"
Name_Raum Typ gemäss Vorgabe DIN 277-SIA 0165,Name,"1,0",Raum Typ Bezeichnung gemäss 03_Raumtypen DIN 277-SIA 0165,,"HNF 1, HNF 1.1, HNF 1.2, HNF 1.3, HNF 1.4, HNF 1.5, HNF 1.6, HNF 2, HNF 2.1, HNF 2.2, HNF 2.3, HNF 2.4, HNF 2.5, HNF 2.6, HNF 2.8, HNF 2.9, HNF 3, HNF 3.1, HNF 3.2, HNF 3.3, HNF 3.4, HNF 3.5, HNF 3.6, HNF 3.7, HNF 3.8, HNF 3.9, HNF 4, HNF 4.1, HNF 4.2, HNF 4.3, HNF 4.4, HNF 4.5, HNF 4.6, HNF 5, HNF 5.1, HNF 5.2, HNF 5.3, HNF 5.4, HNF 5.5, HNF 5.6, HNF 5.7, HNF 5.8, HNF 5.9, HNF 6, HNF 6.2, HNF 6.3, HNF 6.4, HNF 6.5, HNF 6.6, HNF 6.7, HNF 6.8, NNF 7, NNF 7.1, NNF 7.2, NNF 7.3, NNF 7.4, NNF 7.5, NNF 7.6, NNF 7.7, FF 8, FF 8.1, FF 8.2, FF 8.3, FF 8.4, FF 8.5, FF 8.6, FF 8.7, FF 8.8, FF 8.9, VF 9, VF 9.1, VF 9.2, VF 9.3, VF 9.4, BUF 10.1, AGF, GF, GV, ",,IfcLabel,,,,,,"11 Bedürfnisformulierung / Lösungsstrategien, 21 Definition des Vorhabens / Machbarkeitsstudie, 22 Auswahlverfahren, 31 Vorprojekt, 32 Bauprojekt, 33 Bewilligungsverfahren, 41 Ausschreibung / Offertvergleich, Vergabantrag, 51 Ausführungsplanung, 52 Ausführung, 53 Inbetriebnahme / Abschluss, 61 Betrieb, 62 Erhaltung",Raum Typ gemäss Vorgabe DIN 277-SIA 0165,Architektur Gesamtmodell inkl. Räumen,"Berechnen von Flächenkennwerten gemäss DIN 277-SIA 0165,Berechnen von SIA416 Volumenkennwerten,Visualisieren & Verwalten von Lastenanforderungen,Abgleich von Soll-Raumprogramm zu Ist-Raumprogramm"
Name_Architektonische Bauteil / Element (Allgemein),Name,"1,0","Elemententypename nach dem Standard des Projektverfassers und soll nach einem differenzieren charakteristischen Merkmalen erfolgen. z.B. Material, Typ, Dimension, ... Es ist einzig auf Eindeutigkeit zu achten.

Der Typ wird dafür genutzt um generelle Daten für die Dokumentation zu übergeben., sodass dies nicht auf jedem Element (Instanz) gepfelgt werden muss.",,,,IfcLabel,,,,,,"31 Vorprojekt, 32 Bauprojekt, 33 Bewilligungsverfahren, 41 Ausschreibung / Offertvergleich, Vergabantrag, 51 Ausführungsplanung, 52 Ausführung, 53 Inbetriebnahme / Abschluss, 61 Betrieb",Architektonische Bauteil / Element (Allgemein),"Architektur Gesamtmodell inkl. Räumen,Fassadenplanung,Landschaftsarchitektur,Innenarchitektur,Spezialist Sicherheitsplanung","Datenübergabe in Bewirtschaftung BBL,Identifizieren von verbauten Produkten"
Name_Sicherheitsbereich,Name,"1,0","Zusammenfassung aller modellierten Nettoräume eines Sicherheitsbereiches:

- ""SB0
 Öffentliche Zone""
- ""SB1 Halböffentliche
 Zone""
- SB2 Mischzone
- ""SB2 Spezielle
 Mischzone""
- SB3 Verwaltungszone
- ""SB3 Spezielle
 Verwaltungszone""
- SB4 Sicherheitszone
- SBG Gebäudetechnik",,"SB0, SB1, SB2, SB2S, SB3, SB3S, SB4, SBG",,IfcLabel,,,,,,"31 Vorprojekt, 32 Bauprojekt, 33 Bewilligungsverfahren, 41 Ausschreibung / Offertvergleich, Vergabantrag, 51 Ausführungsplanung, 52 Ausführung, 53 Inbetriebnahme / Abschluss, 61 Betrieb",Sicherheitsbereich,Architektur Gesamtmodell inkl. Räumen,"Datenübergabe in Bewirtschaftung BBL,Beschaffung (PM/OM),Reinigung / Umgebungspflege,Visualisieren von Nutzungseinheiten / Kostenteileiler"
Name_Möbel,Name,"1,0",Aussagekräftiger Name nach Standard des Projektverfassers,,,,IfcLabel,,,,,,"52 Ausführung, 53 Inbetriebnahme / Abschluss, 61 Betrieb",Möbel,Innenarchitektur,Beschaffung (PM/OM)
Name_HLKSE Bauteil/Elemente/Komponenten (Allgemein),Name,"1,0","Elemententypename nach dem Standard des Projektverfassers und soll nach einem differenzieren charakteristischen Merkmalen erfolgen. z.B. Material, Typ, Dimension, ... Es ist einzig auf Eindeutigkeit zu achten.

Der Typ wird dafür genutzt um generelle Daten für die Dokumentation zu übergeben., sodass dies nicht auf jedem Element (Instanz) gepfelgt werden muss.",,,,IfcLabel,,,,,,"31 Vorprojekt, 32 Bauprojekt, 33 Bewilligungsverfahren, 41 Ausschreibung / Offertvergleich, Vergabantrag, 51 Ausführungsplanung, 52 Ausführung, 53 Inbetriebnahme / Abschluss, 61 Betrieb",HLKSE Bauteil/Elemente/Komponenten (Allgemein),"HLKSE Heizung-Kälte,HLKSE Sanitärplanung,HLKSE Lüftung-Klima,HLKSE Elektroplanung,HLKSE Lichtplanung,HLKSE Gebäudeautomation,HLKSE Sprinklerplanung,Spezialist Sicherheitsplanung","Datenübergabe in Bewirtschaftung BBL,Identifizieren von verbauten Produkten"
Name_Geschossvolumen,Name,"1,0","Der Name des Bruttoraumes setzt sich aus:
Br_Geschoss_Fortlaufende Nummer z.B. Br_01_001",,,,,,,,,,"52 Ausführung, 53 Inbetriebnahme / Abschluss, 61 Betrieb, 32 Bauprojekt, 33 Bewilligungsverfahren, 41 Ausschreibung / Offertvergleich, Vergabantrag, 51 Ausführungsplanung",Geschossvolumen,Architektur Gebäudevolumen,"Datenübergabe in Bewirtschaftung BBL,Projektstart mit BIM,Berechnen von SIA416 Volumenkennwerten"
Name_Tür / Tor / Revisionsöffnung (eBKP-H: E03.02 / E03.03 / G01.05 / G01.06),Name,"1,0",Spätestens ab Bauprojekt ist eine eigene Türnummer mit Raumbezug zu führen.,,,,IfcLabel,,,,,,"52 Ausführung, 53 Inbetriebnahme / Abschluss, 61 Betrieb",Tür / Tor / Revisionsöffnung (eBKP-H: E03.02 / E03.03 / G01.05 / G01.06),Architektur Gesamtmodell inkl. Räumen,Datenübergabe in Bewirtschaftung BBL
Name_Modelleinfügepunkte,Name,"1,0","Es gibt 3 verschiedene Typen von Einfügepunkten:

S ... Der Einfügepunkt des Planungsperimeters
C ... Kontrollpunkte
B ... Einfügepunkt des Gebäudes auf +/- 0.0 des Einganges

Sollten diese noch definierte ID-Nummern haben, kann diese Nummer mit -Nummer angefügt werden. z.B. B-193104141",,,,IfcLabel,,,,,,"11 Bedürfnisformulierung / Lösungsstrategien, 21 Definition des Vorhabens / Machbarkeitsstudie, 22 Auswahlverfahren, 31 Vorprojekt, 32 Bauprojekt, 33 Bewilligungsverfahren, 41 Ausschreibung / Offertvergleich, Vergabantrag, 51 Ausführungsplanung, 52 Ausführung, 53 Inbetriebnahme / Abschluss, 61 Betrieb, 62 Erhaltung",Modelleinfügepunkte,"Architektur Gesamtmodell inkl. Räumen,Architektur Referenzmodell / Perimeter / Koordinationselemente,HLKSE Heizung-Kälte,Architektur Gebäudevolumen,Architektur Geschossfläche,HLKSE Sanitärplanung,HLKSE Lüftung-Klima,HLKSE Elektroplanung,Bauingenieur Tragwerk inkl. Sperrzonen,Innenarchitektur,Landschaftsarchitektur,Spezialist Sicherheitsplanung,Bauingenieur Baugrube,Fassadenplanung,Bauingenieur Sperrzonen,Bauingenieur Holzbau,Bauingenieur Stahlbau,Bauingenieur Tiefbau & Werkleitungen,HLKSE Aussparungen,HLKSE Lichtplanung,HLKSE Gebäudeautomation,HLKSE Sprinklerplanung","Datenübergabe in Bewirtschaftung BBL,Wartung / Inspektion (OM),Projektstart mit BIM,Inventar,Beschaffung (PM/OM),Reinigung / Umgebungspflege,Zählen von Parkplätzen,Berechnen von Flächenkennwerten gemäss DIN 277-SIA 0165,Berechnen von SIA416 Volumenkennwerten,Visualisieren & Verwalten von Lastenanforderungen,Abgleich von Soll-Raumprogramm zu Ist-Raumprogramm,Berechnen der Energiebezugsfläche"
Name_Schutzzonen,Name,"1,0","Zone ID, Name der Zone gemäss Klassifikation Zonentyp: ""SZ1""	",,"SZ0, SZ1, SZ2, SZ3",,IfcLabel,,,,,,"11 Bedürfnisformulierung / Lösungsstrategien, 21 Definition des Vorhabens / Machbarkeitsstudie, 22 Auswahlverfahren, 31 Vorprojekt, 32 Bauprojekt, 33 Bewilligungsverfahren, 41 Ausschreibung / Offertvergleich, Vergabantrag, 51 Ausführungsplanung, 52 Ausführung, 53 Inbetriebnahme / Abschluss, 61 Betrieb, 62 Erhaltung",Schutzzonen,Architektur Gesamtmodell inkl. Räumen,"Beschaffung (PM/OM),Datenübergabe in Bewirtschaftung BBL,Visualisieren der Schutzzonen,Projektstart mit BIM"
Name_Explosionszone,Name,"1,0",Explosionszone gemäss Nummerierungskonzept des Planers. Starten Sie die Bezeichnung mit EX gefolgt von einer ganzzahligen Nummer. z.B. EX13,,^EX\d+$,^EX\d+$,IfcLabel,,,,,,"11 Bedürfnisformulierung / Lösungsstrategien, 21 Definition des Vorhabens / Machbarkeitsstudie, 22 Auswahlverfahren, 31 Vorprojekt, 32 Bauprojekt, 33 Bewilligungsverfahren, 41 Ausschreibung / Offertvergleich, Vergabantrag, 51 Ausführungsplanung, 52 Ausführung, 53 Inbetriebnahme / Abschluss, 61 Betrieb, 62 Erhaltung",Explosionszone,Architektur Gesamtmodell inkl. Räumen,"Beschaffung (PM/OM),Datenübergabe in Bewirtschaftung BBL,Visualisieren der Schutzzonen,Projektstart mit BIM"
Name_Sperrzone,Name,"1,0",Die Sperrzonen müssen eindeutig Identifizierbar / benannt sein.,,,,IfcLabel,,,,,,"52 Ausführung, 53 Inbetriebnahme / Abschluss, 61 Betrieb",Sperrzone,"Bauingenieur Sperrzonen,Bauingenieur Tragwerk inkl. Sperrzonen",Datenübergabe in Bewirtschaftung BBL
Name_Nutzungseinheit,Name,"1,0",Zusammenfassung aller modellierten Nettoräume einer Nutzungseinheit gemäss den in der Bestellung definierten Nutzungseinheiten,,,,IfcLabel,,,,,,"11 Bedürfnisformulierung / Lösungsstrategien, 21 Definition des Vorhabens / Machbarkeitsstudie, 22 Auswahlverfahren, 31 Vorprojekt, 32 Bauprojekt, 33 Bewilligungsverfahren, 41 Ausschreibung / Offertvergleich, Vergabantrag, 51 Ausführungsplanung, 52 Ausführung, 53 Inbetriebnahme / Abschluss, 61 Betrieb, 62 Erhaltung",Nutzungseinheit,"Architektur Gesamtmodell inkl. Räumen,HLKSE Heizung-Kälte,HLKSE Sanitärplanung,HLKSE Lüftung-Klima,HLKSE Elektroplanung,Innenarchitektur,Spezialist Sicherheitsplanung","Datenübergabe in Bewirtschaftung BBL,Beschaffung (PM/OM),Reinigung / Umgebungspflege,Visualisieren von Nutzungseinheiten / Kostenteileiler"
Name_HLKSE System,Name,"1,0",Aussagekräftige Bezeichnung des Systems nach Logik des Projektverfassers.,,,,IfcLabel,,,,,,"52 Ausführung, 53 Inbetriebnahme / Abschluss, 61 Betrieb",HLKSE System,"HLKSE Heizung-Kälte,HLKSE Sanitärplanung,HLKSE Lüftung-Klima,HLKSE Elektroplanung,HLKSE Lichtplanung,HLKSE Gebäudeautomation,HLKSE Sprinklerplanung,Spezialist Sicherheitsplanung",Datenübergabe in Bewirtschaftung BBL
Description_Projekt,Description,"2,0",Projektname des Bauherren,,,,IfcText,,,,,,"11 Bedürfnisformulierung / Lösungsstrategien, 21 Definition des Vorhabens / Machbarkeitsstudie, 22 Auswahlverfahren, 31 Vorprojekt, 32 Bauprojekt, 33 Bewilligungsverfahren, 41 Ausschreibung / Offertvergleich, Vergabantrag, 51 Ausführungsplanung, 52 Ausführung, 53 Inbetriebnahme / Abschluss, 61 Betrieb, 62 Erhaltung",Projekt,"Architektur Gesamtmodell inkl. Räumen,Architektur Referenzmodell / Perimeter / Koordinationselemente,HLKSE Heizung-Kälte,Architektur Gebäudevolumen,Architektur Geschossfläche,HLKSE Sanitärplanung,HLKSE Lüftung-Klima,HLKSE Elektroplanung,Bauingenieur Tragwerk inkl. Sperrzonen,Innenarchitektur,Landschaftsarchitektur,Spezialist Sicherheitsplanung,Bauingenieur Baugrube,Fassadenplanung,Bauingenieur Sperrzonen,Bauingenieur Holzbau,Bauingenieur Stahlbau,Bauingenieur Tiefbau & Werkleitungen,HLKSE Aussparungen,HLKSE Lichtplanung,HLKSE Gebäudeautomation,HLKSE Sprinklerplanung","Datenübergabe in Bewirtschaftung BBL,Wartung / Inspektion (OM),Projektstart mit BIM,Berechnen von Flächenkennwerten gemäss DIN 277-SIA 0165,Berechnen von SIA416 Volumenkennwerten,Visualisieren & Verwalten von Lastenanforderungen,Abgleich von Soll-Raumprogramm zu Ist-Raumprogramm,Inventar,Beschaffung (PM/OM),Reinigung / Umgebungspflege,Zählen von Parkplätzen,Berechnen der Energiebezugsfläche"
Description_Tür / Tor / Revisionsöffnung (eBKP-H: E03.02 / E03.03 / G01.05 / G01.06),Description,"2,0",Eindeutige Typenbezeichnung nach Vorgabe des Projektverfassers. ,,,,IfcText,,,,,,"52 Ausführung, 53 Inbetriebnahme / Abschluss, 61 Betrieb",Tür / Tor / Revisionsöffnung (eBKP-H: E03.02 / E03.03 / G01.05 / G01.06),Architektur Gesamtmodell inkl. Räumen,Datenübergabe in Bewirtschaftung BBL
Description_Gebäude / Bauwerke,Description,"2,0","Angabe des Rufnames des Gebäudes, / Bezeichnung. z.B. Sammlungszentrum",,,,IfcText,,,,,,"11 Bedürfnisformulierung / Lösungsstrategien, 21 Definition des Vorhabens / Machbarkeitsstudie, 22 Auswahlverfahren, 31 Vorprojekt, 32 Bauprojekt, 33 Bewilligungsverfahren, 41 Ausschreibung / Offertvergleich, Vergabantrag, 51 Ausführungsplanung, 52 Ausführung, 53 Inbetriebnahme / Abschluss, 61 Betrieb, 62 Erhaltung",Gebäude / Bauwerke,"Architektur Gesamtmodell inkl. Räumen,Architektur Referenzmodell / Perimeter / Koordinationselemente,HLKSE Heizung-Kälte,Architektur Gebäudevolumen,Architektur Geschossfläche,HLKSE Sanitärplanung,HLKSE Lüftung-Klima,HLKSE Elektroplanung,Bauingenieur Tragwerk inkl. Sperrzonen,Innenarchitektur,Landschaftsarchitektur,Spezialist Sicherheitsplanung,Bauingenieur Baugrube,Fassadenplanung,Bauingenieur Sperrzonen,Bauingenieur Holzbau,Bauingenieur Stahlbau,Bauingenieur Tiefbau & Werkleitungen,HLKSE Aussparungen,HLKSE Lichtplanung,HLKSE Gebäudeautomation,HLKSE Sprinklerplanung","Datenübergabe in Bewirtschaftung BBL,Projektstart mit BIM"
Description_Aussenraum,Description,"2,0",Raumbeschreibung (nicht zwingend) z.B. Konferenzsaal mit 24 Plätzen und Beamer,,,,IfcText,,,,,,"11 Bedürfnisformulierung / Lösungsstrategien, 21 Definition des Vorhabens / Machbarkeitsstudie, 22 Auswahlverfahren, 31 Vorprojekt, 32 Bauprojekt, 33 Bewilligungsverfahren, 41 Ausschreibung / Offertvergleich, Vergabantrag, 51 Ausführungsplanung, 52 Ausführung, 53 Inbetriebnahme / Abschluss, 61 Betrieb, 62 Erhaltung",Aussenraum,Architektur Gesamtmodell inkl. Räumen,Datenübergabe in Bewirtschaftung BBL
Description_Raum,Description,"2,0",Raumbeschreibung (nicht zwingend) z.B. Konferenzsaal mit 24 Plätzen und Beamer,,,,IfcText,,,,,,"11 Bedürfnisformulierung / Lösungsstrategien, 21 Definition des Vorhabens / Machbarkeitsstudie, 22 Auswahlverfahren, 31 Vorprojekt, 32 Bauprojekt, 33 Bewilligungsverfahren, 41 Ausschreibung / Offertvergleich, Vergabantrag, 51 Ausführungsplanung, 52 Ausführung, 53 Inbetriebnahme / Abschluss, 61 Betrieb, 62 Erhaltung",Raum,Architektur Gesamtmodell inkl. Räumen,Datenübergabe in Bewirtschaftung BBL
Description_Geschoss / Stockwerk,Description,"2,0","Bezeichnung des Geschosses gemäss Klassifikation Geschosse: ""1. Obergeschoss""",,,,IfcText,,,,,,"11 Bedürfnisformulierung / Lösungsstrategien, 21 Definition des Vorhabens / Machbarkeitsstudie, 22 Auswahlverfahren, 31 Vorprojekt, 32 Bauprojekt, 33 Bewilligungsverfahren, 41 Ausschreibung / Offertvergleich, Vergabantrag, 51 Ausführungsplanung, 52 Ausführung, 53 Inbetriebnahme / Abschluss, 61 Betrieb, 62 Erhaltung",Geschoss / Stockwerk,"Architektur Gesamtmodell inkl. Räumen,Architektur Referenzmodell / Perimeter / Koordinationselemente,HLKSE Heizung-Kälte,Architektur Gebäudevolumen,Architektur Geschossfläche,HLKSE Sanitärplanung,HLKSE Lüftung-Klima,HLKSE Elektroplanung,Bauingenieur Tragwerk inkl. Sperrzonen,Innenarchitektur,Landschaftsarchitektur,Spezialist Sicherheitsplanung,Bauingenieur Baugrube,Fassadenplanung,Bauingenieur Sperrzonen,Bauingenieur Holzbau,Bauingenieur Stahlbau,Bauingenieur Tiefbau & Werkleitungen,HLKSE Aussparungen,HLKSE Lichtplanung,HLKSE Gebäudeautomation,HLKSE Sprinklerplanung","Datenübergabe in Bewirtschaftung BBL,Wartung / Inspektion (OM),Projektstart mit BIM,Inventar,Beschaffung (PM/OM),Reinigung / Umgebungspflege,Zählen von Parkplätzen,Berechnen von Flächenkennwerten gemäss DIN 277-SIA 0165,Berechnen von SIA416 Volumenkennwerten,Visualisieren & Verwalten von Lastenanforderungen,Abgleich von Soll-Raumprogramm zu Ist-Raumprogramm,Berechnen der Energiebezugsfläche"
Description_Fenster / Oberlichter (eBKP-H: E03.01),Description,"2,0",Eindeutige Typenbezeichnung nach Vorgabe des Projektverfassers. ,,,,IfcText,,,,,,"52 Ausführung, 53 Inbetriebnahme / Abschluss, 61 Betrieb",Fenster / Oberlichter (eBKP-H: E03.01),Architektur Gesamtmodell inkl. Räumen,Datenübergabe in Bewirtschaftung BBL
LongName_Parkplatz,LongName,"3,0",Raumbezeichnung gemäss Klassifikation Liste Raumtype bzw. Bestellung: Luftraum,,,,IfcLabel,,,,,,"11 Bedürfnisformulierung / Lösungsstrategien, 21 Definition des Vorhabens / Machbarkeitsstudie, 22 Auswahlverfahren, 31 Vorprojekt, 32 Bauprojekt, 33 Bewilligungsverfahren, 41 Ausschreibung / Offertvergleich, Vergabantrag, 51 Ausführungsplanung, 52 Ausführung, 53 Inbetriebnahme / Abschluss, 61 Betrieb, 62 Erhaltung",Parkplatz,Architektur Gesamtmodell inkl. Räumen,"Berechnen von SIA416 Volumenkennwerten,Berechnen von Flächenkennwerten gemäss DIN 277-SIA 0165,Abgleich von Soll-Raumprogramm zu Ist-Raumprogramm,Zählen von Parkplätzen"
LongName_Luftraum (Geschossweise),LongName,"3,0",Raumbezeichnung gemäss Klassifikation Liste Raumtype bzw. Bestellung: Luftraum,,,,IfcLabel,,,,,,"11 Bedürfnisformulierung / Lösungsstrategien, 21 Definition des Vorhabens / Machbarkeitsstudie, 22 Auswahlverfahren, 31 Vorprojekt, 32 Bauprojekt, 33 Bewilligungsverfahren, 41 Ausschreibung / Offertvergleich, Vergabantrag, 51 Ausführungsplanung, 52 Ausführung, 53 Inbetriebnahme / Abschluss, 61 Betrieb, 62 Erhaltung",Luftraum (Geschossweise),Architektur Gesamtmodell inkl. Räumen,"Berechnen von SIA416 Volumenkennwerten,Berechnen von Flächenkennwerten gemäss DIN 277-SIA 0165,Abgleich von Soll-Raumprogramm zu Ist-Raumprogramm,Zählen von Parkplätzen"
PredefinedType_Architektonische Bauteil / Element (Allgemein),PredefinedType,"4,0","Um die Lesbar- und Weiteverwendbarkeit in anderen Softwaretools zu erhöhen, sollte wo immer möglich das Attribut PredefinedType nach IFC Standard gepflegt werden.",,,,,,,,,,"31 Vorprojekt, 32 Bauprojekt, 33 Bewilligungsverfahren, 41 Ausschreibung / Offertvergleich, Vergabantrag, 51 Ausführungsplanung, 52 Ausführung, 53 Inbetriebnahme / Abschluss, 61 Betrieb",Architektonische Bauteil / Element (Allgemein),"Architektur Gesamtmodell inkl. Räumen,Fassadenplanung,Landschaftsarchitektur,Innenarchitektur,Spezialist Sicherheitsplanung",Datenübergabe in Bewirtschaftung BBL
PredefinedType_Aussparungen / Durchbrüche,PredefinedType,"4,0",Aussparungen werden als PROVISIONFORVOID (Platzhalter für Aussparung gekennzeichnet.,,,,,,,,,,"52 Ausführung, 53 Inbetriebnahme / Abschluss, 61 Betrieb",Aussparungen / Durchbrüche,HLKSE Aussparungen,
PredefinedTyp_Raum,PredefinedTyp,"4,0","Standard IFC PredefinedType Wert: ""SPACE""",,SPACE,,IfcSpaceTypeEnum ,,,,,,"11 Bedürfnisformulierung / Lösungsstrategien, 21 Definition des Vorhabens / Machbarkeitsstudie, 22 Auswahlverfahren, 31 Vorprojekt, 32 Bauprojekt, 33 Bewilligungsverfahren, 41 Ausschreibung / Offertvergleich, Vergabantrag, 51 Ausführungsplanung, 52 Ausführung, 53 Inbetriebnahme / Abschluss, 61 Betrieb, 62 Erhaltung",Raum,Architektur Gesamtmodell inkl. Räumen,"Berechnen von Flächenkennwerten gemäss DIN 277-SIA 0165,Berechnen von SIA416 Volumenkennwerten,Abgleich von Soll-Raumprogramm zu Ist-Raumprogramm"
PredefinedType_Fenster / Oberlichter (eBKP-H: E03.01),PredefinedType,"4,0","Der PredefinedType ist eine standardisierte Typisierung, welche als Investition in die Zukunft und für einen besseren Datenaustausch geführt werden soll.

WINDOW ... Fenster in Wand
SKYLIGHT ... Dachfenster
LIGHTDOME ... Lichtkuppel
USERDEFINED ... alle anderen",,"WINDOW,  SKYLIGHT, LIGHTDOME, UNDEFINED",,,,,,,,"52 Ausführung, 53 Inbetriebnahme / Abschluss, 61 Betrieb",Fenster / Oberlichter (eBKP-H: E03.01),Architektur Gesamtmodell inkl. Räumen,Datenübergabe in Bewirtschaftung BBL
PredefinedType_Sonnenschutz ,PredefinedType,"4,0","Gibt an um welche Art von Sonnenschutz es sich handelt.

JALOUSIE: Jalousie / Lamellen
SHUTTER: Fensterladen
AWNING: Markise",,"JALOUSIE
, SHUTTER
, AWNING",,,,,,,,"31 Vorprojekt, 32 Bauprojekt, 33 Bewilligungsverfahren, 41 Ausschreibung / Offertvergleich, Vergabantrag, 51 Ausführungsplanung, 52 Ausführung, 53 Inbetriebnahme / Abschluss, 61 Betrieb",Sonnenschutz ,Architektur Gesamtmodell inkl. Räumen,Reinigung / Umgebungspflege
PredefinedTyp_Luftraum (Geschossweise),PredefinedTyp,"4,0","Standard IFC PredefinedType Wert: ""SPACE""",,,,IfcSpaceTypeEnum ,,,,,,"11 Bedürfnisformulierung / Lösungsstrategien, 21 Definition des Vorhabens / Machbarkeitsstudie, 22 Auswahlverfahren, 31 Vorprojekt, 32 Bauprojekt, 33 Bewilligungsverfahren, 41 Ausschreibung / Offertvergleich, Vergabantrag, 51 Ausführungsplanung, 52 Ausführung, 53 Inbetriebnahme / Abschluss, 61 Betrieb, 62 Erhaltung",Luftraum (Geschossweise),Architektur Gesamtmodell inkl. Räumen,"Berechnen von Flächenkennwerten gemäss DIN 277-SIA 0165,Berechnen von SIA416 Volumenkennwerten,Abgleich von Soll-Raumprogramm zu Ist-Raumprogramm"
PredefinedType_Aussenoberflächen,PredefinedType,"4,0","Wertebereich: ""FLOORING""",,,,,,,,,,"52 Ausführung, 53 Inbetriebnahme / Abschluss, 61 Betrieb",Aussenoberflächen,Landschaftsarchitektur,"Datenübergabe in Bewirtschaftung BBL,Reinigung / Umgebungspflege"
PredefinedType_Bodenbeläge,PredefinedType,"4,0","Wertebereich: ""FLOORING""",,,,,,,,,,"52 Ausführung, 53 Inbetriebnahme / Abschluss, 61 Betrieb",Bodenbeläge,Architektur Gesamtmodell inkl. Räumen,"Datenübergabe in Bewirtschaftung BBL,Reinigung / Umgebungspflege"
PredefinedType_Tür / Tor / Revisionsöffnung (eBKP-H: E03.02 / E03.03 / G01.05 / G01.06),PredefinedType,"4,0","Der PredefinedType ist eine standardisierte Typisierung, welche als Investition in die Zukunft und für einen besseren Datenaustausch geführt werden soll. Zudem wird dies zur Auswertung durch Armasuisse verwendet.

DOOR ... Tür
GATE ... Tor
TRAPDOOR ... Revisionsöffnung",,"DOOR, GATE, TRAPDOOR",,,,,,,,"52 Ausführung, 53 Inbetriebnahme / Abschluss, 61 Betrieb",Tür / Tor / Revisionsöffnung (eBKP-H: E03.02 / E03.03 / G01.05 / G01.06),Architektur Gesamtmodell inkl. Räumen,"Datenübergabe in Bewirtschaftung BBL,Beschaffung (PM/OM)"
PredefinedTyp_Parkplatz,PredefinedTyp,"4,0","Standard IFC PredefinedType Wert: ""PARKING""",,PARKING,,IfcSpaceTypeEnum ,,,,,,"11 Bedürfnisformulierung / Lösungsstrategien, 21 Definition des Vorhabens / Machbarkeitsstudie, 22 Auswahlverfahren, 31 Vorprojekt, 32 Bauprojekt, 33 Bewilligungsverfahren, 41 Ausschreibung / Offertvergleich, Vergabantrag, 51 Ausführungsplanung, 52 Ausführung, 53 Inbetriebnahme / Abschluss, 61 Betrieb, 62 Erhaltung",Parkplatz,Architektur Gesamtmodell inkl. Räumen,"Berechnen von Flächenkennwerten gemäss DIN 277-SIA 0165,Berechnen von SIA416 Volumenkennwerten,Abgleich von Soll-Raumprogramm zu Ist-Raumprogramm"
ObjectType_Baurechtliche Parzelle,ObjectType,"5,0","Bitte geben Sie den Wert ""Parcel"" (englisch für Parzelle) ein, sodass das Element gefiltert werden kann.",,,,IfcLabel,,,,,,"11 Bedürfnisformulierung / Lösungsstrategien, 21 Definition des Vorhabens / Machbarkeitsstudie, 22 Auswahlverfahren, 31 Vorprojekt, 32 Bauprojekt, 33 Bewilligungsverfahren, 41 Ausschreibung / Offertvergleich, Vergabantrag, 51 Ausführungsplanung, 52 Ausführung, 53 Inbetriebnahme / Abschluss, 61 Betrieb, 62 Erhaltung",Baurechtliche Parzelle,Architektur Gesamtmodell inkl. Räumen,Berechnen von Flächenkennwerten gemäss DIN 277-SIA 0165
OperationType_Tür / Tor / Revisionsöffnung (eBKP-H: E03.02 / E03.03 / G01.05 / G01.06),OperationType,"6,0","Der OperationType ist eine standardisierte Typisierung, welche als Investition in die Zukunft und für einen besseren Datenaustausch geführt werden soll. Zudem wird dies zur Auswertung durch Armasuisse verwendet.
",,,,,,,,,,"52 Ausführung, 53 Inbetriebnahme / Abschluss, 61 Betrieb",Tür / Tor / Revisionsöffnung (eBKP-H: E03.02 / E03.03 / G01.05 / G01.06),Architektur Gesamtmodell inkl. Räumen,"Datenübergabe in Bewirtschaftung BBL,Beschaffung (PM/OM)"
Phase_Projekt,Phase,"7,0",Phasenbezeichnung gmäss SIA z.B. 21 Machbarkeitsstudie,,"11 Bedürfnisformulierung / Lösungsstrategien, 21 Definition des Vorhabens / Machbarkeitsstudie, 22 Auswahlverfahren, 31 Vorprojekt, 32 Bauprojekt, 33 Bewilligungsverfahren, 41 Ausschreibung / Offertvergleich, Vergabantrag, 51 Ausführungsplanung, 52 Ausführung, 53 Inbetriebnahme / Abschluss, 61 Betrieb, 62 Erhaltung",,IfcLabel,,,,,,"11 Bedürfnisformulierung / Lösungsstrategien, 21 Definition des Vorhabens / Machbarkeitsstudie, 22 Auswahlverfahren, 31 Vorprojekt, 32 Bauprojekt, 33 Bewilligungsverfahren, 41 Ausschreibung / Offertvergleich, Vergabantrag, 51 Ausführungsplanung, 52 Ausführung, 53 Inbetriebnahme / Abschluss, 61 Betrieb, 62 Erhaltung",Projekt,"Architektur Gesamtmodell inkl. Räumen,Architektur Referenzmodell / Perimeter / Koordinationselemente,HLKSE Heizung-Kälte,Architektur Gebäudevolumen,Architektur Geschossfläche,HLKSE Sanitärplanung,HLKSE Lüftung-Klima,HLKSE Elektroplanung,Bauingenieur Tragwerk inkl. Sperrzonen,Innenarchitektur,Landschaftsarchitektur,Spezialist Sicherheitsplanung,Bauingenieur Baugrube,Fassadenplanung,Bauingenieur Sperrzonen,Bauingenieur Holzbau,Bauingenieur Stahlbau,Bauingenieur Tiefbau & Werkleitungen,HLKSE Aussparungen,HLKSE Lichtplanung,HLKSE Gebäudeautomation,HLKSE Sprinklerplanung","Datenübergabe in Bewirtschaftung BBL,Wartung / Inspektion (OM),Projektstart mit BIM,Berechnen von Flächenkennwerten gemäss DIN 277-SIA 0165,Berechnen von SIA416 Volumenkennwerten,Visualisieren & Verwalten von Lastenanforderungen,Abgleich von Soll-Raumprogramm zu Ist-Raumprogramm,Inventar,Beschaffung (PM/OM),Reinigung / Umgebungspflege,Zählen von Parkplätzen,Berechnen der Energiebezugsfläche"
AdressNumber_Gebäude / Bauwerke,AdressNumber,"100,0",Amtliche Haus-Nr. (Adresse),Cust_Building,,,IfcLabel,,,,,,"53 Inbetriebnahme / Abschluss, 61 Betrieb",Gebäude / Bauwerke,Architektur Gesamtmodell inkl. Räumen,"Datenübergabe in Bewirtschaftung BBL,Projektstart mit BIM"
InsuranceNumber_Gebäude / Bauwerke,InsuranceNumber,"101,0",Amtliche Gebäude-Nr. (Versicherungs-Nr.),Cust_Building,,,IfcLabel,,,,,,"53 Inbetriebnahme / Abschluss, 61 Betrieb",Gebäude / Bauwerke,Architektur Gesamtmodell inkl. Räumen,"Datenübergabe in Bewirtschaftung BBL,Projektstart mit BIM"
RiskLevel_Gebäude / Bauwerke,RiskLevel,"101,0","Klassiifikation gemäss BBL, Werte 1-4",Cust_Building,"1, 2, 3, 4",,IfcLabel,,,,,,"53 Inbetriebnahme / Abschluss, 61 Betrieb",Gebäude / Bauwerke,Architektur Gesamtmodell inkl. Räumen,"Datenübergabe in Bewirtschaftung BBL,Projektstart mit BIM"
Floormaterial_Bodenbeläge,Floormaterial,"200,0","Bezeichnung des Bodenbelagsmaterials	 nach Standard des Bewirtschaftungssystems.

- Materialien mit BB am Anfang sind für den Innenbereich vorgesehen.
- Materialien mit AB sind für den Aussenbereich vorgesehen.
",Cust_Element,"BB01: unbekannt, BB10: Textile Bodenbeläge, BB20: Kunststoffbeläge und Linoleum, BB30: Guss-(Asphalt) und Gummiböden, BB40: Parkett, Korkparkett, BB50: Stein- und Zementböden (rauh), BB60: Stein- und Plattenböden (poliert), BB70: Steinholz (Holzzement), Klinker und Tonplatten unglasiert, BB80: Waschbeton, BB90: Noppen- und Pastillenbeläge, BB91: Holzriemenboden, BB92: Naturboden, BB95: Gitterrost, BB96: Riffelblech, BB97: Spanplatte, BB98: Glas, BB99: Sonstige",,,,,,,,"52 Ausführung, 53 Inbetriebnahme / Abschluss, 61 Betrieb",Bodenbeläge,Architektur Gesamtmodell inkl. Räumen,"Datenübergabe in Bewirtschaftung BBL,Reinigung / Umgebungspflege"
Floormaterial_Aussenoberflächen,Floormaterial,"201,0","Bezeichnung des Bodenbelagsmaterials	 nach Standard des Bewirtschaftungssystems.

- Materialien mit BB am Anfang sind für den Innenbereich vorgesehen.
- Materialien mit AB sind für den Aussenbereich vorgesehen.
",Cust_Element,"AB01: unbekannt, AB10: Asphalt, AB11: Beton, Zement allgemein, AB12: Kies/Split/Naturweg, AB20: Plästerung allgemein, AB21: Platten allgemein, AB30: Gitterrost, AB40: Holz allgemein, AB50: Begrünt allgemein, AB51: Rasengittersteine, AB60: Wasser allgemein, AB99: Sonstige",,,,,,,,"52 Ausführung, 53 Inbetriebnahme / Abschluss, 61 Betrieb",Aussenoberflächen,Landschaftsarchitektur,"Datenübergabe in Bewirtschaftung BBL,Reinigung / Umgebungspflege"
Opens_Fenster / Oberlichter (eBKP-H: E03.01),Opens,"202,0",Gibt an ob das Fenster öffenbar ist.,Cust_Element,"TRUE, FALSE, UNKNOWN",,,,,,,,"52 Ausführung, 53 Inbetriebnahme / Abschluss, 61 Betrieb",Fenster / Oberlichter (eBKP-H: E03.01),Architektur Gesamtmodell inkl. Räumen,Datenübergabe in Bewirtschaftung BBL
Elevation_Modelleinfügepunkte,Elevation,"300,0","Die Höhe bei Bestandsgebäuden absolut bei der Haupteingangstür.

Bei einem Neubau wird dies im Rahmen der Phase 21 erarbeitet.",Cust_ModelInsertionPoint,,,IfcReal,,,,,,"11 Bedürfnisformulierung / Lösungsstrategien, 21 Definition des Vorhabens / Machbarkeitsstudie, 22 Auswahlverfahren, 31 Vorprojekt, 32 Bauprojekt, 33 Bewilligungsverfahren, 41 Ausschreibung / Offertvergleich, Vergabantrag, 51 Ausführungsplanung, 52 Ausführung, 53 Inbetriebnahme / Abschluss, 61 Betrieb, 62 Erhaltung",Modelleinfügepunkte,"Architektur Gesamtmodell inkl. Räumen,Architektur Referenzmodell / Perimeter / Koordinationselemente,HLKSE Heizung-Kälte,Architektur Gebäudevolumen,Architektur Geschossfläche,HLKSE Sanitärplanung,HLKSE Lüftung-Klima,HLKSE Elektroplanung,Bauingenieur Tragwerk inkl. Sperrzonen,Innenarchitektur,Landschaftsarchitektur,Spezialist Sicherheitsplanung,Bauingenieur Baugrube,Fassadenplanung,Bauingenieur Sperrzonen,Bauingenieur Holzbau,Bauingenieur Stahlbau,Bauingenieur Tiefbau & Werkleitungen,HLKSE Aussparungen,HLKSE Lichtplanung,HLKSE Gebäudeautomation,HLKSE Sprinklerplanung","Datenübergabe in Bewirtschaftung BBL,Wartung / Inspektion (OM),Projektstart mit BIM,Inventar,Beschaffung (PM/OM),Reinigung / Umgebungspflege,Zählen von Parkplätzen,Berechnen von Flächenkennwerten gemäss DIN 277-SIA 0165,Berechnen von SIA416 Volumenkennwerten,Visualisieren & Verwalten von Lastenanforderungen,Abgleich von Soll-Raumprogramm zu Ist-Raumprogramm,Berechnen der Energiebezugsfläche"
LV95E_Modelleinfügepunkte,LV95E,"301,0",Landeskoordinaten nach LV95 East,Cust_ModelInsertionPoint,,,IfcReal,,,,,,"11 Bedürfnisformulierung / Lösungsstrategien, 21 Definition des Vorhabens / Machbarkeitsstudie, 22 Auswahlverfahren, 31 Vorprojekt, 32 Bauprojekt, 33 Bewilligungsverfahren, 41 Ausschreibung / Offertvergleich, Vergabantrag, 51 Ausführungsplanung, 52 Ausführung, 53 Inbetriebnahme / Abschluss, 61 Betrieb, 62 Erhaltung",Modelleinfügepunkte,"Architektur Gesamtmodell inkl. Räumen,Architektur Referenzmodell / Perimeter / Koordinationselemente,HLKSE Heizung-Kälte,Architektur Gebäudevolumen,Architektur Geschossfläche,HLKSE Sanitärplanung,HLKSE Lüftung-Klima,HLKSE Elektroplanung,Bauingenieur Tragwerk inkl. Sperrzonen,Innenarchitektur,Landschaftsarchitektur,Spezialist Sicherheitsplanung,Bauingenieur Baugrube,Fassadenplanung,Bauingenieur Sperrzonen,Bauingenieur Holzbau,Bauingenieur Stahlbau,Bauingenieur Tiefbau & Werkleitungen,HLKSE Aussparungen,HLKSE Lichtplanung,HLKSE Gebäudeautomation,HLKSE Sprinklerplanung","Datenübergabe in Bewirtschaftung BBL,Wartung / Inspektion (OM),Projektstart mit BIM,Inventar,Beschaffung (PM/OM),Reinigung / Umgebungspflege,Zählen von Parkplätzen,Berechnen von Flächenkennwerten gemäss DIN 277-SIA 0165,Berechnen von SIA416 Volumenkennwerten,Visualisieren & Verwalten von Lastenanforderungen,Abgleich von Soll-Raumprogramm zu Ist-Raumprogramm,Berechnen der Energiebezugsfläche"
LV95N_Modelleinfügepunkte,LV95N,"302,0",Landeskoordinaten nach LV95 North,Cust_ModelInsertionPoint,,,IfcReal,,,,,,"11 Bedürfnisformulierung / Lösungsstrategien, 21 Definition des Vorhabens / Machbarkeitsstudie, 22 Auswahlverfahren, 31 Vorprojekt, 32 Bauprojekt, 33 Bewilligungsverfahren, 41 Ausschreibung / Offertvergleich, Vergabantrag, 51 Ausführungsplanung, 52 Ausführung, 53 Inbetriebnahme / Abschluss, 61 Betrieb, 62 Erhaltung",Modelleinfügepunkte,"Architektur Gesamtmodell inkl. Räumen,Architektur Referenzmodell / Perimeter / Koordinationselemente,HLKSE Heizung-Kälte,Architektur Gebäudevolumen,Architektur Geschossfläche,HLKSE Sanitärplanung,HLKSE Lüftung-Klima,HLKSE Elektroplanung,Bauingenieur Tragwerk inkl. Sperrzonen,Innenarchitektur,Landschaftsarchitektur,Spezialist Sicherheitsplanung,Bauingenieur Baugrube,Fassadenplanung,Bauingenieur Sperrzonen,Bauingenieur Holzbau,Bauingenieur Stahlbau,Bauingenieur Tiefbau & Werkleitungen,HLKSE Aussparungen,HLKSE Lichtplanung,HLKSE Gebäudeautomation,HLKSE Sprinklerplanung","Datenübergabe in Bewirtschaftung BBL,Wartung / Inspektion (OM),Projektstart mit BIM,Inventar,Beschaffung (PM/OM),Reinigung / Umgebungspflege,Zählen von Parkplätzen,Berechnen von Flächenkennwerten gemäss DIN 277-SIA 0165,Berechnen von SIA416 Volumenkennwerten,Visualisieren & Verwalten von Lastenanforderungen,Abgleich von Soll-Raumprogramm zu Ist-Raumprogramm,Berechnen der Energiebezugsfläche"
Country_Planungsperimeter / Projektperimeter,Country,"400,0",Abkürzung des Ländercodes gemäss Liste,Cust_Site,"AF, AL, DZ, AS, AD, AO, AI, AQ, AG, AR, AM, AW, AU, AT, AZ, BS, BH, BD, BB, BY, BE, BZ, BJ, BM, BT, BO, BQ, BA, BW, BV, BR, IO, BN, BG, BF, BI, CV, KH, CM, CA, KY, CF, TD, CL, CN, CX, CC, CO, KM, CD, CG, CK, CR, HR, CU, CW, CY, CZ, CI, DK, DJ, DM, DO, EC, EG, SV, GQ, ER, EE, SZ, ET, FK, FO, FJ, FI, FR, GF, PF, TF, GA, GM, GE, DE, GH, GI, GR, GL, GD, GP, GU, GT, GG, GN, GW, GY, HT, HM, VA, HN, HK, HU, IS, IN, ID, IR, IQ, IE, IM, IL, IT, JM, JP, JE, JO, KZ, KE, KI, KP, KR, KW, KG, LA, LV, LB, LS, LR, LY, LI, LT, LU, MO, MG, MW, MY, MV, ML, MT, MH, MQ, MR, MU, YT, MX, FM, MD, MC, MN, ME, MS, MA, MZ, MM, NA, NR, NP, NL, NC, NZ, NI, NE, NG, NU, NF, MP, NO, OM, PK, PW, PS, PA, PG, PY, PE, PH, PN, PL, PT, PR, QA, MK, RO, RU, RW, RE, BL, SH, KN, LC, MF, PM, VC, WS, SM, ST, SA, SN, RS, SC, SL, SG, SX, SK, SI, SB, SO, ZA, GS, SS, ES, LK, SD, SR, SJ, SE, CH, SY, TW, TJ, TZ, TH, TL, TG, TK, TO, TT, TN, TR, TM, TC, TV, UG, UA, AE, GB, UM, US, UY, UZ, VU, VE, VN, VG, VI, WF, EH, YE, ZM, ZW, AX",,IfcLabel,,,,,,"11 Bedürfnisformulierung / Lösungsstrategien, 21 Definition des Vorhabens / Machbarkeitsstudie, 22 Auswahlverfahren, 31 Vorprojekt, 32 Bauprojekt, 33 Bewilligungsverfahren, 41 Ausschreibung / Offertvergleich, Vergabantrag, 51 Ausführungsplanung, 52 Ausführung, 53 Inbetriebnahme / Abschluss, 61 Betrieb, 62 Erhaltung",Planungsperimeter / Projektperimeter,"Architektur Gesamtmodell inkl. Räumen,Architektur Referenzmodell / Perimeter / Koordinationselemente","Datenübergabe in Bewirtschaftung BBL,Projektstart mit BIM"
LandArea_Planungsperimeter / Projektperimeter,LandArea,"401,0","Identifikationsnummer, die von der gesetzlichen Registrierungsbehörde für den Titel eines Grundstücks vergeben wird. Grundbuchblatt - Bezeichnung, Parzellenname.",Cust_Site,,,IfcIdentifier,,,,,,"11 Bedürfnisformulierung / Lösungsstrategien, 21 Definition des Vorhabens / Machbarkeitsstudie, 22 Auswahlverfahren, 31 Vorprojekt, 32 Bauprojekt, 33 Bewilligungsverfahren, 41 Ausschreibung / Offertvergleich, Vergabantrag, 51 Ausführungsplanung, 52 Ausführung, 53 Inbetriebnahme / Abschluss, 61 Betrieb, 62 Erhaltung",Planungsperimeter / Projektperimeter,"Architektur Gesamtmodell inkl. Räumen,Architektur Referenzmodell / Perimeter / Koordinationselemente","Datenübergabe in Bewirtschaftung BBL,Projektstart mit BIM"
Location_Planungsperimeter / Projektperimeter,Location,"402,0",Flurname,Cust_Site,,,IfcLabel,,,,,,"11 Bedürfnisformulierung / Lösungsstrategien, 21 Definition des Vorhabens / Machbarkeitsstudie, 22 Auswahlverfahren, 31 Vorprojekt, 32 Bauprojekt, 33 Bewilligungsverfahren, 41 Ausschreibung / Offertvergleich, Vergabantrag, 51 Ausführungsplanung, 52 Ausführung, 53 Inbetriebnahme / Abschluss, 61 Betrieb, 62 Erhaltung",Planungsperimeter / Projektperimeter,"Architektur Gesamtmodell inkl. Räumen,Architektur Referenzmodell / Perimeter / Koordinationselemente","Datenübergabe in Bewirtschaftung BBL,Projektstart mit BIM"
PostalCode_Planungsperimeter / Projektperimeter,PostalCode,"403,0","Postleitzahl. z.B. ""3400""",Cust_Site,,,IfcLabel,,,,,,"11 Bedürfnisformulierung / Lösungsstrategien, 21 Definition des Vorhabens / Machbarkeitsstudie, 22 Auswahlverfahren, 31 Vorprojekt, 32 Bauprojekt, 33 Bewilligungsverfahren, 41 Ausschreibung / Offertvergleich, Vergabantrag, 51 Ausführungsplanung, 52 Ausführung, 53 Inbetriebnahme / Abschluss, 61 Betrieb, 62 Erhaltung",Planungsperimeter / Projektperimeter,"Architektur Gesamtmodell inkl. Räumen,Architektur Referenzmodell / Perimeter / Koordinationselemente","Datenübergabe in Bewirtschaftung BBL,Projektstart mit BIM"
Region_Planungsperimeter / Projektperimeter,Region,"404,0","Kanton, Region. z.B. Zürich",Cust_Site,,,IfcLabel,,,,,,"11 Bedürfnisformulierung / Lösungsstrategien, 21 Definition des Vorhabens / Machbarkeitsstudie, 22 Auswahlverfahren, 31 Vorprojekt, 32 Bauprojekt, 33 Bewilligungsverfahren, 41 Ausschreibung / Offertvergleich, Vergabantrag, 51 Ausführungsplanung, 52 Ausführung, 53 Inbetriebnahme / Abschluss, 61 Betrieb, 62 Erhaltung",Planungsperimeter / Projektperimeter,"Architektur Gesamtmodell inkl. Räumen,Architektur Referenzmodell / Perimeter / Koordinationselemente","Datenübergabe in Bewirtschaftung BBL,Projektstart mit BIM"
Town_Planungsperimeter / Projektperimeter,Town,"405,0","Gemeinde, Ort an welchem sich das Grundstück befindet. z.B. ""Affoltern am Albis""",Cust_Site,,,IfcLabel,,,,,,"11 Bedürfnisformulierung / Lösungsstrategien, 21 Definition des Vorhabens / Machbarkeitsstudie, 22 Auswahlverfahren, 31 Vorprojekt, 32 Bauprojekt, 33 Bewilligungsverfahren, 41 Ausschreibung / Offertvergleich, Vergabantrag, 51 Ausführungsplanung, 52 Ausführung, 53 Inbetriebnahme / Abschluss, 61 Betrieb, 62 Erhaltung",Planungsperimeter / Projektperimeter,"Architektur Gesamtmodell inkl. Räumen,Architektur Referenzmodell / Perimeter / Koordinationselemente","Datenübergabe in Bewirtschaftung BBL,Projektstart mit BIM"
AreaLoad_Raum,AreaLoad,"500,0",Flächenlast [kN/m2]: 5.0,Cust_Space,,,IfcReal,,,,,,"31 Vorprojekt, 32 Bauprojekt, 33 Bewilligungsverfahren, 41 Ausschreibung / Offertvergleich, Vergabantrag, 51 Ausführungsplanung, 52 Ausführung, 53 Inbetriebnahme / Abschluss, 61 Betrieb",Raum,Architektur Gesamtmodell inkl. Räumen,"Visualisieren & Verwalten von Lastenanforderungen,Abgleich von Soll-Raumprogramm zu Ist-Raumprogramm"
PointLoad_Raum,PointLoad,"501,0",Punktlast [kN]: 10.0,Cust_Space,,,IfcReal,,,,,,"31 Vorprojekt, 32 Bauprojekt, 33 Bewilligungsverfahren, 41 Ausschreibung / Offertvergleich, Vergabantrag, 51 Ausführungsplanung, 52 Ausführung, 53 Inbetriebnahme / Abschluss, 61 Betrieb",Raum,Architektur Gesamtmodell inkl. Räumen,"Visualisieren & Verwalten von Lastenanforderungen,Abgleich von Soll-Raumprogramm zu Ist-Raumprogramm"
BuildingID_Gebäude / Bauwerke,BuildingID,"600,0",2 stellige Objektnr / Gebäudenummer BBL: z.B. AB,Pset_BuildingCommon,,,IfcIdentifier,,,,,,"53 Inbetriebnahme / Abschluss, 61 Betrieb",Gebäude / Bauwerke,Architektur Gesamtmodell inkl. Räumen,"Datenübergabe in Bewirtschaftung BBL,Projektstart mit BIM"
Reference_Gebäude / Bauwerke,Reference,"601,0",Objekttyp gemäss Wertebereich. z.B. 03.01: Lagerhallen,Pset_BuildingCommon,"unbestimmt, 01: Wohnen, 01.01: Wohnungen, 01.02: Mehrfamilienhäuser, 01.03: Einfamilienhäuser, 01.04: Grenzwacht-Stützpunkt, 01.05: Residenzgebäude, 02: Unterricht, Bildung und Forschung, 02.01: Schulen, 02.02: Bibliotheken, 02.03: Staatsarchive, 02.04: Forschungs- und Laborgebäude, 03: Industrie und Gewerbe, 03.01: Lagerhallen, 03.02: Mechanisierte Lager, Kühllager, 030.3: Silobauten, 03.04: Industriehallen, 03.05: Gewerbebauten und Werkstätten, 03.06: Revisionsgaragen, 04: Land und Forstwirtschaft, 04.01: Schuppen, Hütten, 04.02: Futterlagerräume, Treibhäuser, 04.03: Stallungen, landwirtschaftliche Prod.anl., 04.04: Ökonomiegebäude inkl. Wohnanteil, 04.05: Veterinärstation, 05: Technische Anlagen, 05.01: Heizzentralen, Fernwärmeanlagen, Kraftwerkbauten, 05.02: Kraftwerkbauten / Stromversorgung, 05.03: Tankanlagen, 05.04: Antenne / Radar, 05.05: Telefonzentralen, 05.06: KOMBV-Räume, 05.07: Wasseraufbereitungsanlagen, 05.08: Kläranlagen, 05.09: WC-Anlage, 05.10: Brückenwaagen, 05.11: Messfelder, 05.12: Kamerastandorte, 05.13: Kontrollturm, 05.14: Lysimeteranlage, 05.15: Infrastrukturgefäss, 06: Handel und Verwaltung, 06.01: Bürobauten, Verwaltungsgebäude, 06.02: Rechenzentren, 06.03: Rathäuser, 06.04: Abfertigungspavillon, 06.05: Ausführgebäude, 06.06: Bürocontainer, 06.07: Einfuhrgebäude, 06.08: Grenzwachtposten, 06.09: Kontrollkabine, 06.10: Revisionsgebäude, 06.11: Transitgebäude, 07: Justiz und Polizei, 07.01: Gerichtsgebäude, 08: Fürsorge und Gesundheit, 08.01: Krankenhäuser, 09: Kultus, 09.01: Kirchen, Kapellen, Abdankungshallen, 09.02: Klöster, 10: Kultur und Geselligkeit, 10.01: Museen, Ausstellungsbauten, 10.02: Kinotheater, Diskotheken, Saalbauten, 10.03: Kongresshäuser, 10.04: Radio-, Fernseh, Filmstudios, 10.05: Historisches Geb. ohne spez. Nutzung, 11: Gastgewerbe und Fremdenverkehr, 11.01: Restaurationsbetriebe, 11.02: Unterkunftsgebäude, 11.03: Hotel- und Motelbauten, 11.04: Bundesasylzentren, 12: Freizeit, Sport, Erholung, 12.01: Turn und Sporthallen, Mehrzweckhallen, 12.02: Stadionanlagen, Sportplätze, 12.03: Tribünenbauten, Garderobengebäude, 12.04: Offene Kunsteisbahnen, Freibäder, 12.05: Kunsteishallen, 12.06: Hallenbäder, 12.07: Reithallen, 12.08: Bootshäuser, 12.09: Pärke (betriebsnotwendig), 12.10: Pärke (nicht betriebsnotwendig), 12.11: Aussichtsturm, 13: Verkehrsanlagen, 13.01: Eingeschossige Einstellgaragen, 13.02: Parkhäuser, 13.03: Parkplätze, 13.04: Werkhöfe, 13.05: Autobahnzollanlagen, 13.06: Tankstellen, Wartehallen mit Diensträumen, Zollposten, Busbahnhöfe, 13.07: Seilbahnstationen, 13.08: Fahrradunterstand, 14: Militär- und Schutzanlagen, 14.01: Öffentliche Zivilschutzanlagen, Kommandoposten, Breitstellungsanlagen, 14.02: Zivilschutz-Ausbildungszentren, 14.03: Kavernen, 15: Militärische Objekte mit Schutz gegen Waffenwirkung, 15.00: Militärische Objekte mit Schutz gegen Waffenwirkung, 16: Gebäude im Ausland, 16.01: Ausland: Wohnungen, 16.02: Ausland: Residenzen, 16.03: Ausland: Kanzleien, 16.04: Ausland: Schulen, 16.05: Ausland: Parkplätze, 16.06: Ausland: Kultur, 16.07: Ausland: Wissenschaft und Technologie, 17: Allgemeine Objektumgebung, 17.00: Allgemeine Objektumgebung, 18: Natur-Verbauungen, Umwelt-Bauwerke, 18.00: Natur-Verbauungen, Umwelt-Bauwerke, 19: Gebäude Repräsentation Inland, 19.00: Gebäude Repräsentation Inland, 20: Mieterspezifischer Ausbau AA + EE (BKP6) / 5 Jahre, 20.00: Gemäss vertraglich festgelegter Nutzungsdauer, 21: Ausbau bei Zumiete EE / Nutzung nach Vertragsdauer, 21.00: 10 Jahre oder Zumietvertrag",,IfcIdentifier,,,,,,"11 Bedürfnisformulierung / Lösungsstrategien, 21 Definition des Vorhabens / Machbarkeitsstudie, 22 Auswahlverfahren, 31 Vorprojekt, 32 Bauprojekt, 33 Bewilligungsverfahren, 41 Ausschreibung / Offertvergleich, Vergabantrag, 51 Ausführungsplanung, 52 Ausführung, 53 Inbetriebnahme / Abschluss, 61 Betrieb, 62 Erhaltung",Gebäude / Bauwerke,Architektur Gesamtmodell inkl. Räumen,"Datenübergabe in Bewirtschaftung BBL,Projektstart mit BIM"
YearOfConstruction_Gebäude / Bauwerke,YearOfConstruction,"602,0","Angabe des Jahres, in dem das Gebäude fertiggestellt wurde. Bei Umbau wird das Datum der Fertigstellung des Umbaues eingetragen.",Pset_BuildingCommon,,,IfcIdentifier,,,,,,"53 Inbetriebnahme / Abschluss, 61 Betrieb",Gebäude / Bauwerke,Architektur Gesamtmodell inkl. Räumen,"Datenübergabe in Bewirtschaftung BBL,Projektstart mit BIM"
AboveGround_Geschoss / Stockwerk,AboveGround,"700,0","Gibt an ob ein Geschoss über oder unteririsch ist:
TRUE ... überirdisch
FALSE ... unterirdisch
UNKNOWN ... im Hang ",Pset_BuildingStoreyCommon,"TRUE, FALSE, UNKNOWN",,IfcBoolean,,,,,,"31 Vorprojekt, 32 Bauprojekt, 33 Bewilligungsverfahren, 41 Ausschreibung / Offertvergleich, Vergabantrag, 51 Ausführungsplanung, 52 Ausführung, 53 Inbetriebnahme / Abschluss, 61 Betrieb",Geschoss / Stockwerk,Architektur Gesamtmodell inkl. Räumen,"Datenübergabe in Bewirtschaftung BBL,Berechnen von Flächenkennwerten gemäss DIN 277-SIA 0165,Berechnen von SIA416 Volumenkennwerten"
FireRating_Tür / Tor / Revisionsöffnung (eBKP-H: E03.02 / E03.03 / G01.05 / G01.06),FireRating,"800,0",,Pset_DoorCommon,,,IfcLabel,,,,,,"52 Ausführung, 53 Inbetriebnahme / Abschluss, 61 Betrieb",Tür / Tor / Revisionsöffnung (eBKP-H: E03.02 / E03.03 / G01.05 / G01.06),Architektur Gesamtmodell inkl. Räumen,Visualisieren der Brandschutzabschnitte
GlazingAreaFraction_Tür / Tor / Revisionsöffnung (eBKP-H: E03.02 / E03.03 / G01.05 / G01.06),GlazingAreaFraction,"801,0","Für den Glasanteil von Fenstern ist das Verhältnis zwischen Glasfläche / Türfläche einzutragen,",Pset_DoorCommon,,,,,,,,,"52 Ausführung, 53 Inbetriebnahme / Abschluss, 61 Betrieb",Tür / Tor / Revisionsöffnung (eBKP-H: E03.02 / E03.03 / G01.05 / G01.06),Architektur Gesamtmodell inkl. Räumen,Datenübergabe in Bewirtschaftung BBL
HasDrive_Tür / Tor / Revisionsöffnung (eBKP-H: E03.02 / E03.03 / G01.05 / G01.06),HasDrive,"802,0",Gibt an ob die Tür Elektrisch öffenbar ist.,Pset_DoorCommon,"TRUE, FALSE, UNKNOWN",,IfcBoolean,,,,,,"52 Ausführung, 53 Inbetriebnahme / Abschluss, 61 Betrieb",Tür / Tor / Revisionsöffnung (eBKP-H: E03.02 / E03.03 / G01.05 / G01.06),Architektur Gesamtmodell inkl. Räumen,"Wartung / Inspektion (OM),Datenübergabe in Bewirtschaftung BBL"
IsExternal_Tür / Tor / Revisionsöffnung (eBKP-H: E03.02 / E03.03 / G01.05 / G01.06),IsExternal,"803,0",Gibt an ob es sich um ein Innen- oder um ein Aussenfenster handelt.,Pset_DoorCommon,"TRUE, FALSE, UNKNOWN",,IfcBoolean,,,,,,"52 Ausführung, 53 Inbetriebnahme / Abschluss, 61 Betrieb",Tür / Tor / Revisionsöffnung (eBKP-H: E03.02 / E03.03 / G01.05 / G01.06),Architektur Gesamtmodell inkl. Räumen,"Datenübergabe in Bewirtschaftung BBL,Beschaffung (PM/OM)"
SecurityRating_Tür / Tor / Revisionsöffnung (eBKP-H: E03.02 / E03.03 / G01.05 / G01.06),SecurityRating,"804,0",Angaben des Einbruchsschutzes,Pset_DoorCommon,,,IfcLabel,,,,,,"52 Ausführung, 53 Inbetriebnahme / Abschluss, 61 Betrieb",Tür / Tor / Revisionsöffnung (eBKP-H: E03.02 / E03.03 / G01.05 / G01.06),Architektur Gesamtmodell inkl. Räumen,"Datenübergabe in Bewirtschaftung BBL,Beschaffung (PM/OM),Visualisieren der Sicherheitszonen"
Status_Tür / Tor / Revisionsöffnung (eBKP-H: E03.02 / E03.03 / G01.05 / G01.06),Status,"805,0","Gibt an ob es sich um:
- NEW: Neu zu erstellendes Bauteil handelt
- EXISTING: Ein Element das bestehend bleibt.
- DEMOLISH: Ein Element das abgebrochen wird.
- TEMPORARY: Ein Element das nur für die Bauzeit besteht.
",Pset_DoorCommon,"NEW, EXISTING, DEMOLISH, TEMPORARY",,,,,,,,"52 Ausführung, 53 Inbetriebnahme / Abschluss, 61 Betrieb",Tür / Tor / Revisionsöffnung (eBKP-H: E03.02 / E03.03 / G01.05 / G01.06),Architektur Gesamtmodell inkl. Räumen,"Datenübergabe in Bewirtschaftung BBL,""Visualisieren von Abbruchs, und Neubauarbeiten für die Qualitätssicherung"""
LandID_Planungsperimeter / Projektperimeter,LandID,"900,0","Angabe der Grösse der Grundstücksfläche wie sie im Grundbuch verzeichnet ist (mehrere Grundstückflächen mit Trennzeichen ""; "")",Pset_LandRegistration,,,IfcIdentifier,,,,,,"11 Bedürfnisformulierung / Lösungsstrategien, 21 Definition des Vorhabens / Machbarkeitsstudie, 22 Auswahlverfahren, 31 Vorprojekt, 32 Bauprojekt, 33 Bewilligungsverfahren, 41 Ausschreibung / Offertvergleich, Vergabantrag, 51 Ausführungsplanung, 52 Ausführung, 53 Inbetriebnahme / Abschluss, 61 Betrieb, 62 Erhaltung",Planungsperimeter / Projektperimeter,"Architektur Gesamtmodell inkl. Räumen,Architektur Referenzmodell / Perimeter / Koordinationselemente","Datenübergabe in Bewirtschaftung BBL,Projektstart mit BIM"
ModelLabel_Bauteil Typ Architektur,ModelLabel,"1000,0","Artikelnummer: ""T-01254-0255""",Pset_ManufacturerOccurrence,,,IfcLabel,,,,,,"52 Ausführung, 53 Inbetriebnahme / Abschluss, 61 Betrieb",Bauteil Typ Architektur,"Architektur Gesamtmodell inkl. Räumen,Fassadenplanung,Landschaftsarchitektur,Innenarchitektur,Spezialist Sicherheitsplanung","Datenübergabe in Bewirtschaftung BBL,Identifizieren von verbauten Produkten"
ModelLabel_HLKSE Bauteil Typ,ModelLabel,"1002,0","Artikelnummer: ""T-01254-0255""",Pset_ManufacturerOccurrence,,,IfcLabel,,,,,,"52 Ausführung, 53 Inbetriebnahme / Abschluss, 61 Betrieb",HLKSE Bauteil Typ,"HLKSE Heizung-Kälte,HLKSE Sanitärplanung,HLKSE Lüftung-Klima,HLKSE Elektroplanung,HLKSE Lichtplanung,HLKSE Gebäudeautomation,HLKSE Sprinklerplanung,Spezialist Sicherheitsplanung","Datenübergabe in Bewirtschaftung BBL,Identifizieren von verbauten Produkten"
ModelLabel_Bauteil Typ Tragwerk,ModelLabel,"1006,0","Artikelnummer: ""T-01254-0255""",Pset_ManufacturerOccurrence,,,IfcLabel,,,,,,"52 Ausführung, 53 Inbetriebnahme / Abschluss, 61 Betrieb",Bauteil Typ Tragwerk,"Bauingenieur Tragwerk inkl. Sperrzonen,Bauingenieur Tiefbau & Werkleitungen,Bauingenieur Holzbau,Bauingenieur Stahlbau","Datenübergabe in Bewirtschaftung BBL,Identifizieren von verbauten Produkten"
ModelReference_Bauteil Typ Architektur,ModelReference,"1009,0", Modell / Typen Nummer z.B. Multisensormelder (Optisch/Thermo),Pset_ManufacturerOccurrence,,,IfcLabel,,,,,,"52 Ausführung, 53 Inbetriebnahme / Abschluss, 61 Betrieb",Bauteil Typ Architektur,"Architektur Gesamtmodell inkl. Räumen,Fassadenplanung,Landschaftsarchitektur,Innenarchitektur,Spezialist Sicherheitsplanung","Datenübergabe in Bewirtschaftung BBL,Identifizieren von verbauten Produkten"
ModelReference_HLKSE Bauteil Typ,ModelReference,"1011,0", Modell / Typen Nummer z.B. Multisensormelder (Optisch/Thermo),Pset_ManufacturerOccurrence,,,IfcLabel,,,,,,"52 Ausführung, 53 Inbetriebnahme / Abschluss, 61 Betrieb",HLKSE Bauteil Typ,"HLKSE Heizung-Kälte,HLKSE Sanitärplanung,HLKSE Lüftung-Klima,HLKSE Elektroplanung,HLKSE Lichtplanung,HLKSE Gebäudeautomation,HLKSE Sprinklerplanung,Spezialist Sicherheitsplanung","Datenübergabe in Bewirtschaftung BBL,Identifizieren von verbauten Produkten"
ModelReference_Bauteil Typ Tragwerk,ModelReference,"1014,0", Modell / Typen Nummer z.B. Multisensormelder (Optisch/Thermo),Pset_ManufacturerOccurrence,,,IfcLabel,,,,,,"52 Ausführung, 53 Inbetriebnahme / Abschluss, 61 Betrieb",Bauteil Typ Tragwerk,"Bauingenieur Tragwerk inkl. Sperrzonen,Bauingenieur Tiefbau & Werkleitungen,Bauingenieur Holzbau,Bauingenieur Stahlbau","Datenübergabe in Bewirtschaftung BBL,Identifizieren von verbauten Produkten"
SerialNumber_Bauteil Typ Architektur,SerialNumber,"1018,0","Hersteller Seriennummer zu allen Elemente TGA sowie bewegliche Bauteile wie Fenster, Türen, Tore, bsp: ""F500-XXX""",Pset_ManufacturerOccurrence,,,IfcIdentifier,,,,,,"52 Ausführung, 53 Inbetriebnahme / Abschluss, 61 Betrieb",Bauteil Typ Architektur,"Architektur Gesamtmodell inkl. Räumen,Fassadenplanung,Landschaftsarchitektur,Innenarchitektur,Spezialist Sicherheitsplanung","Datenübergabe in Bewirtschaftung BBL,Identifizieren von verbauten Produkten"
SerialNumber_HLKSE Bauteil Typ,SerialNumber,"1021,0","Hersteller Seriennummer zu allen Elemente TGA sowie bewegliche Bauteile wie Fenster, Türen, Tore, bsp: ""F500-XXX""",Pset_ManufacturerOccurrence,,,IfcIdentifier,,,,,,"52 Ausführung, 53 Inbetriebnahme / Abschluss, 61 Betrieb",HLKSE Bauteil Typ,"HLKSE Heizung-Kälte,HLKSE Sanitärplanung,HLKSE Lüftung-Klima,HLKSE Elektroplanung,HLKSE Lichtplanung,HLKSE Gebäudeautomation,HLKSE Sprinklerplanung,Spezialist Sicherheitsplanung","Datenübergabe in Bewirtschaftung BBL,Identifizieren von verbauten Produkten"
SerialNumber_Bauteil Typ Tragwerk,SerialNumber,"1025,0","Hersteller Seriennummer zu allen Elemente TGA sowie bewegliche Bauteile wie Fenster, Türen, Tore, bsp: ""F500-XXX""",Pset_ManufacturerOccurrence,,,IfcIdentifier,,,,,,"52 Ausführung, 53 Inbetriebnahme / Abschluss, 61 Betrieb",Bauteil Typ Tragwerk,"Bauingenieur Tragwerk inkl. Sperrzonen,Bauingenieur Tiefbau & Werkleitungen,Bauingenieur Holzbau,Bauingenieur Stahlbau","Datenübergabe in Bewirtschaftung BBL,Identifizieren von verbauten Produkten"
Manufacturer_Bauteil Typ Architektur,Manufacturer,"1100,0","Name des Herstellers. z.B. ""Partner Kontakt""
info@musterunternehmer.ch",Pset_ManufacturerTypeInformation,,,IfcLabel,,,,,,"52 Ausführung, 53 Inbetriebnahme / Abschluss, 61 Betrieb",Bauteil Typ Architektur,"Architektur Gesamtmodell inkl. Räumen,Fassadenplanung,Landschaftsarchitektur,Innenarchitektur,Spezialist Sicherheitsplanung","Datenübergabe in Bewirtschaftung BBL,Identifizieren von verbauten Produkten"
Manufacturer_HLKSE Bauteil Typ,Manufacturer,"1102,0","Name des Herstellers. z.B. ""Partner Kontakt""
info@musterunternehmer.ch",Pset_ManufacturerTypeInformation,,,IfcLabel,,,,,,"52 Ausführung, 53 Inbetriebnahme / Abschluss, 61 Betrieb",HLKSE Bauteil Typ,"HLKSE Heizung-Kälte,HLKSE Sanitärplanung,HLKSE Lüftung-Klima,HLKSE Elektroplanung,HLKSE Lichtplanung,HLKSE Gebäudeautomation,HLKSE Sprinklerplanung,Spezialist Sicherheitsplanung","Datenübergabe in Bewirtschaftung BBL,Identifizieren von verbauten Produkten"
Manufacturer_Bauteil Typ Tragwerk,Manufacturer,"1106,0","Name des Herstellers. z.B. ""Partner Kontakt""
info@musterunternehmer.ch",Pset_ManufacturerTypeInformation,,,IfcLabel,,,,,,"52 Ausführung, 53 Inbetriebnahme / Abschluss, 61 Betrieb",Bauteil Typ Tragwerk,"Bauingenieur Tragwerk inkl. Sperrzonen,Bauingenieur Tiefbau & Werkleitungen,Bauingenieur Holzbau,Bauingenieur Stahlbau","Datenübergabe in Bewirtschaftung BBL,Identifizieren von verbauten Produkten"
Identifier_Planungsperimeter / Projektperimeter,Identifier,"1200,0","Nummer der Wirtschaftseinheit: ""2564""",Pset_PropertyAgreement,,,IfcIdentifier,,,,,,"11 Bedürfnisformulierung / Lösungsstrategien, 21 Definition des Vorhabens / Machbarkeitsstudie, 22 Auswahlverfahren, 31 Vorprojekt, 32 Bauprojekt, 33 Bewilligungsverfahren, 41 Ausschreibung / Offertvergleich, Vergabantrag, 51 Ausführungsplanung, 52 Ausführung, 53 Inbetriebnahme / Abschluss, 61 Betrieb, 62 Erhaltung",Planungsperimeter / Projektperimeter,"Architektur Gesamtmodell inkl. Räumen,Architektur Referenzmodell / Perimeter / Koordinationselemente","Datenübergabe in Bewirtschaftung BBL,Projektstart mit BIM"
PropertyName_Planungsperimeter / Projektperimeter,PropertyName,"1201,0","Bezeichnung der Wirtschaftseinheit. z.B. ""Sammlungszentrum""",Pset_PropertyAgreement,,,IfcLabel,,,,,,"11 Bedürfnisformulierung / Lösungsstrategien, 21 Definition des Vorhabens / Machbarkeitsstudie, 22 Auswahlverfahren, 31 Vorprojekt, 32 Bauprojekt, 33 Bewilligungsverfahren, 41 Ausschreibung / Offertvergleich, Vergabantrag, 51 Ausführungsplanung, 52 Ausführung, 53 Inbetriebnahme / Abschluss, 61 Betrieb, 62 Erhaltung",Planungsperimeter / Projektperimeter,"Architektur Gesamtmodell inkl. Räumen,Architektur Referenzmodell / Perimeter / Koordinationselemente","Datenübergabe in Bewirtschaftung BBL,Projektstart mit BIM"
IsExternal_,IsExternal,"1202,0","Gibt an, ob es sich um einen aussenliegenden (TRUE) oder um einen Innenliegenden Sonnenschutz (FALSE) handelt.",Pset_ShadingDeviceCommon,"TRUE, FALSE, UNKNOWN",,,,,,,,"31 Vorprojekt, 32 Bauprojekt, 33 Bewilligungsverfahren, 41 Ausschreibung / Offertvergleich, Vergabantrag, 51 Ausführungsplanung, 52 Ausführung, 53 Inbetriebnahme / Abschluss, 61 Betrieb",,Architektur Gesamtmodell inkl. Räumen,Reinigung / Umgebungspflege
Status_,Status,"1203,0","Gibt an ob es sich um:
- NEW: Neu zu erstellendes Bauteil handelt
- EXISTING: Ein Element das bestehend bleibt.
- DEMOLISH: Ein Element das abgebrochen wird.
- TEMPORARY: Ein Element das nur für die Bauzeit besteht.
",Pset_ShadingDeviceCommon,"TRUE, FALSE, UNKNOWN",,,,,,,,"31 Vorprojekt, 32 Bauprojekt, 33 Bewilligungsverfahren, 41 Ausschreibung / Offertvergleich, Vergabantrag, 51 Ausführungsplanung, 52 Ausführung, 53 Inbetriebnahme / Abschluss, 61 Betrieb",,Architektur Gesamtmodell inkl. Räumen,Reinigung / Umgebungspflege
FireExit_Raum,FireExit,"1300,0",Gibt an ob es sich bei dem Raum um einen Fluchtweg handelt.,Pset_SpaceCommon,"TRUE, FALSE, UNKNOWN",,IfcBoolean,,,,,,"31 Vorprojekt, 32 Bauprojekt, 33 Bewilligungsverfahren, 41 Ausschreibung / Offertvergleich, Vergabantrag, 51 Ausführungsplanung, 52 Ausführung, 53 Inbetriebnahme / Abschluss, 61 Betrieb",Raum,Architektur Gesamtmodell inkl. Räumen,Datenübergabe in Bewirtschaftung BBL
IsExternal_Raum,IsExternal,"1301,0",Angabe ob es sich bei dem Raum um einen Innenraum oder Aussenraum handelt.,Pset_SpaceCommon,"TRUE, FALSE, UNKNOWN",,IfcBoolean,,,,,,"11 Bedürfnisformulierung / Lösungsstrategien, 21 Definition des Vorhabens / Machbarkeitsstudie, 22 Auswahlverfahren, 31 Vorprojekt, 32 Bauprojekt, 33 Bewilligungsverfahren, 41 Ausschreibung / Offertvergleich, Vergabantrag, 51 Ausführungsplanung, 52 Ausführung, 53 Inbetriebnahme / Abschluss, 61 Betrieb, 62 Erhaltung",Raum,Architektur Gesamtmodell inkl. Räumen,"Datenübergabe in Bewirtschaftung BBL,Berechnen von Flächenkennwerten gemäss DIN 277-SIA 0165,Reinigung / Umgebungspflege,Beschaffung (PM/OM),Berechnen von SIA416 Volumenkennwerten,Abgleich von Soll-Raumprogramm zu Ist-Raumprogramm"
IsExternal_Aussenraum,IsExternal,"1302,0",Angabe ob es sich bei dem Raum um einen Innenraum oder Aussenraum handelt.,Pset_SpaceCommon,"TRUE, FALSE, UNKNOWN",,IfcBoolean,,,,,,"11 Bedürfnisformulierung / Lösungsstrategien, 21 Definition des Vorhabens / Machbarkeitsstudie, 22 Auswahlverfahren, 31 Vorprojekt, 32 Bauprojekt, 33 Bewilligungsverfahren, 41 Ausschreibung / Offertvergleich, Vergabantrag, 51 Ausführungsplanung, 52 Ausführung, 53 Inbetriebnahme / Abschluss, 61 Betrieb, 62 Erhaltung",Aussenraum,Architektur Gesamtmodell inkl. Räumen,"Datenübergabe in Bewirtschaftung BBL,Berechnen von Flächenkennwerten gemäss DIN 277-SIA 0165,Reinigung / Umgebungspflege,Beschaffung (PM/OM),Berechnen von SIA416 Volumenkennwerten,Abgleich von Soll-Raumprogramm zu Ist-Raumprogramm"
IsExternal_Geschossfläche,IsExternal,"1303,0",Angabe ob es sich bei dem Raum um einen Innenraum oder Aussenraum handelt.,Pset_SpaceCommon,"TRUE, FALSE, UNKNOWN",,IfcBoolean,,,,,,"11 Bedürfnisformulierung / Lösungsstrategien, 21 Definition des Vorhabens / Machbarkeitsstudie, 22 Auswahlverfahren, 31 Vorprojekt, 32 Bauprojekt, 33 Bewilligungsverfahren, 41 Ausschreibung / Offertvergleich, Vergabantrag, 51 Ausführungsplanung, 52 Ausführung, 53 Inbetriebnahme / Abschluss, 61 Betrieb, 62 Erhaltung",Geschossfläche,Architektur Geschossfläche,"Datenübergabe in Bewirtschaftung BBL,Berechnen von Flächenkennwerten gemäss DIN 277-SIA 0165,Reinigung / Umgebungspflege,Beschaffung (PM/OM),Berechnen von SIA416 Volumenkennwerten,Abgleich von Soll-Raumprogramm zu Ist-Raumprogramm"
NetPlannedArea_Raum,NetPlannedArea,"1306,0","Raumfläche gemäss Pflichtenheft z.B: ""30.00""",Pset_SpaceCommon,,,IfcAreaMeasure,,,,,,"11 Bedürfnisformulierung / Lösungsstrategien, 21 Definition des Vorhabens / Machbarkeitsstudie, 22 Auswahlverfahren, 31 Vorprojekt, 32 Bauprojekt, 33 Bewilligungsverfahren, 41 Ausschreibung / Offertvergleich, Vergabantrag, 51 Ausführungsplanung, 52 Ausführung, 53 Inbetriebnahme / Abschluss, 61 Betrieb, 62 Erhaltung",Raum,Architektur Gesamtmodell inkl. Räumen,Abgleich von Soll-Raumprogramm zu Ist-Raumprogramm
HandicapAccessible_Raum,HandicapAccessible,"1307,0",Gibt an ob der Raum Barrierefrei erreichbar ist.,Pset_SpaceCommon,"TRUE, FALSE, UNKNOWN",,IfcBoolean,,,,,,"31 Vorprojekt, 32 Bauprojekt, 33 Bewilligungsverfahren, 41 Ausschreibung / Offertvergleich, Vergabantrag, 51 Ausführungsplanung, 52 Ausführung, 53 Inbetriebnahme / Abschluss, 61 Betrieb",Raum,Architektur Gesamtmodell inkl. Räumen,Datenübergabe in Bewirtschaftung BBL
FireExit_Raum,FireExit,"1400,0",Gibt an ob es sich bei dem Raum um einen Fluchtweg handelt.,Pset_SpaceFireSafetyRequirements,"TRUE, FALSE, UNKNOWN",,IfcBoolean,,,,,,"52 Ausführung, 53 Inbetriebnahme / Abschluss, 61 Betrieb, 32 Bauprojekt, 33 Bewilligungsverfahren, 41 Ausschreibung / Offertvergleich, Vergabantrag, 51 Ausführungsplanung",Raum,Architektur Gesamtmodell inkl. Räumen,Datenübergabe in Bewirtschaftung BBL
MinimumHeadroom_Raum,MinimumHeadroom,"1401,0","Raumhoehe Soll: Geforderte Raumhöhe gemäss Vorgabe Raumbuch, Pflichteheft etc.",Pset_SpaceOccupancyRequirements,,,Q_Length,,,,,,"31 Vorprojekt, 32 Bauprojekt, 33 Bewilligungsverfahren, 41 Ausschreibung / Offertvergleich, Vergabantrag, 51 Ausführungsplanung, 52 Ausführung, 53 Inbetriebnahme / Abschluss, 61 Betrieb",Raum,Architektur Gesamtmodell inkl. Räumen,Abgleich von Soll-Raumprogramm zu Ist-Raumprogramm
OccupancyNumber_Raum,OccupancyNumber,"1402,0",Die Anzahl der Personen die für der Raum vorgesehen ist.,Pset_SpaceOccupancyRequirements,,,IfcCountMeasure,,,,,,"52 Ausführung, 53 Inbetriebnahme / Abschluss, 61 Betrieb",Raum,Architektur Gesamtmodell inkl. Räumen,"Datenübergabe in Bewirtschaftung BBL,Abgleich von Soll-Raumprogramm zu Ist-Raumprogramm"
NaturalVentilationRate_Raum,NaturalVentilationRate,"1403,0",Luftmengen pro Raum [m3/h] für Lüftungsauslegung,Pset_SpaceThermalRequirements,,,IfcLabel,,,,,,"52 Ausführung, 53 Inbetriebnahme / Abschluss, 61 Betrieb",Raum,Architektur Gesamtmodell inkl. Räumen,Datenübergabe in Bewirtschaftung BBL
SpaceHumidityMax_Raum,SpaceHumidityMax,"1404,0",Raumklima Luftfeuchtigkeit [%],Pset_SpaceThermalRequirements,,,IfcLabel,,,,,,"52 Ausführung, 53 Inbetriebnahme / Abschluss, 61 Betrieb",Raum,Architektur Gesamtmodell inkl. Räumen,Datenübergabe in Bewirtschaftung BBL
SpaceTemperatureSummerMax_Raum,SpaceTemperatureSummerMax,"1405,0",Raumklima Temperatur [°C] Sommer maximal,Pset_SpaceThermalRequirements,,,IfcLabel,,,,,,"52 Ausführung, 53 Inbetriebnahme / Abschluss, 61 Betrieb",Raum,Architektur Gesamtmodell inkl. Räumen,Datenübergabe in Bewirtschaftung BBL
SpaceTemperatureWinterMin_Raum,SpaceTemperatureWinterMin,"1406,0",Raumklima Temperatur [°C] Winter minimal,Pset_SpaceThermalRequirements,,,IfcLabel,,,,,,"52 Ausführung, 53 Inbetriebnahme / Abschluss, 61 Betrieb",Raum,Architektur Gesamtmodell inkl. Räumen,Datenübergabe in Bewirtschaftung BBL
PointOfContact_Bauteil Typ Architektur,PointOfContact,"1500,0","Gültige E-Mail Adresse Lieferant: ""info@lieferant.com""",Pset_Warranty,,,IfcLabel,,,,,,"52 Ausführung, 53 Inbetriebnahme / Abschluss, 61 Betrieb",Bauteil Typ Architektur,"Architektur Gesamtmodell inkl. Räumen,Fassadenplanung,Landschaftsarchitektur,Innenarchitektur,Spezialist Sicherheitsplanung","Datenübergabe in Bewirtschaftung BBL,Identifizieren von verbauten Produkten"
PointOfContact_Bauteil Typ Tragwerk,PointOfContact,"1501,0","Gültige E-Mail Adresse Lieferant: ""info@lieferant.com""",Pset_Warranty,,,IfcLabel,,,,,,"52 Ausführung, 53 Inbetriebnahme / Abschluss, 61 Betrieb",Bauteil Typ Tragwerk,"Bauingenieur Tragwerk inkl. Sperrzonen,Bauingenieur Tiefbau & Werkleitungen,Bauingenieur Holzbau,Bauingenieur Stahlbau","Datenübergabe in Bewirtschaftung BBL,Identifizieren von verbauten Produkten"
PointOfContact_HLKSE Bauteil Typ,PointOfContact,"1506,0","Gültige E-Mail Adresse Lieferant: ""info@lieferant.com""",Pset_Warranty,,,IfcLabel,,,,,,"52 Ausführung, 53 Inbetriebnahme / Abschluss, 61 Betrieb",HLKSE Bauteil Typ,"HLKSE Heizung-Kälte,HLKSE Sanitärplanung,HLKSE Lüftung-Klima,HLKSE Elektroplanung,HLKSE Lichtplanung,HLKSE Gebäudeautomation,HLKSE Sprinklerplanung,Spezialist Sicherheitsplanung","Datenübergabe in Bewirtschaftung BBL,Identifizieren von verbauten Produkten"
FireRating_Fenster / Oberlichter (eBKP-H: E03.01),FireRating,"1600,0",Gibt die Brandschutzeigenschaften gemäss VKF an.,Pset_WindowCommon,,,IfcLabel,,,,,,"52 Ausführung, 53 Inbetriebnahme / Abschluss, 61 Betrieb",Fenster / Oberlichter (eBKP-H: E03.01),Architektur Gesamtmodell inkl. Räumen,"Datenübergabe in Bewirtschaftung BBL,Beschaffung (PM/OM),Visualisieren der Brandschutzabschnitte"
GlazingAreaFraction_Fenster / Oberlichter (eBKP-H: E03.01),GlazingAreaFraction,"1601,0","Für den Glasanteil von Fenstern ist das Verhältnis zwischen Glasfläche / Türfläche einzutragen,",Pset_WindowCommon,,,,,,,,,"52 Ausführung, 53 Inbetriebnahme / Abschluss, 61 Betrieb",Fenster / Oberlichter (eBKP-H: E03.01),Architektur Gesamtmodell inkl. Räumen,Datenübergabe in Bewirtschaftung BBL
IsExternal_Fenster / Oberlichter (eBKP-H: E03.01),IsExternal,"1602,0",Gibt an ob es sich um ein Innen- oder um ein Aussenfenster handelt.,Pset_WindowCommon,"TRUE, FALSE, UNKNOWN",,IfcBoolean,,,,,,"52 Ausführung, 53 Inbetriebnahme / Abschluss, 61 Betrieb",Fenster / Oberlichter (eBKP-H: E03.01),Architektur Gesamtmodell inkl. Räumen,Datenübergabe in Bewirtschaftung BBL
SecurityRating_Fenster / Oberlichter (eBKP-H: E03.01),SecurityRating,"1603,0",Angaben des Einbruchsschutzes,Pset_WindowCommon,,,IfcLabel,,,,,,"52 Ausführung, 53 Inbetriebnahme / Abschluss, 61 Betrieb",Fenster / Oberlichter (eBKP-H: E03.01),Architektur Gesamtmodell inkl. Räumen,"Wartung / Inspektion (OM),Datenübergabe in Bewirtschaftung BBL,Visualisieren der Sicherheitszonen"
Status_Fenster / Oberlichter (eBKP-H: E03.01),Status,"1604,0","Gibt an ob es sich um:
- NEW: Neu zu erstellendes Bauteil handelt
- EXISTING: Ein Element das bestehend bleibt.
- DEMOLISH: Ein Element das abgebrochen wird.
- TEMPORARY: Ein Element das nur für die Bauzeit besteht.
",Pset_WindowCommon,"NEW, EXISTING, DEMOLISH, TEMPORARY",,,,,,,,"52 Ausführung, 53 Inbetriebnahme / Abschluss, 61 Betrieb",Fenster / Oberlichter (eBKP-H: E03.01),Architektur Gesamtmodell inkl. Räumen,"""Visualisieren von Abbruchs, und Neubauarbeiten für die Qualitätssicherung"",Datenübergabe in Bewirtschaftung BBL"
AcousticRating_Architektonische Bauteil / Element (Allgemein),AcousticRating,"1700,0",Bau-Schalldämmmass R'w,Pset*Common,,,,,,,,,"11 Bedürfnisformulierung / Lösungsstrategien, 21 Definition des Vorhabens / Machbarkeitsstudie, 22 Auswahlverfahren, 31 Vorprojekt, 32 Bauprojekt, 33 Bewilligungsverfahren, 41 Ausschreibung / Offertvergleich, Vergabantrag, 51 Ausführungsplanung, 52 Ausführung, 53 Inbetriebnahme / Abschluss, 61 Betrieb, 62 Erhaltung",Architektonische Bauteil / Element (Allgemein),"Architektur Gesamtmodell inkl. Räumen,Fassadenplanung,Landschaftsarchitektur,Innenarchitektur",Beschaffung (PM/OM)
External _Architektonische Bauteil / Element (Allgemein),External ,"1701,0",Gibt an ob es sich um ein Fenster zwischen zwei Innenräumen (INTERNAL) oder zwischen Innen und Aussen (Witterungsgeschützt) handelt.,Pset*Common,"TRUE, FALSE, UNKNOWN",,,,,,,,"32 Bauprojekt, 33 Bewilligungsverfahren, 41 Ausschreibung / Offertvergleich, Vergabantrag, 51 Ausführungsplanung, 52 Ausführung, 53 Inbetriebnahme / Abschluss, 61 Betrieb",Architektonische Bauteil / Element (Allgemein),"Architektur Gesamtmodell inkl. Räumen,Fassadenplanung,Landschaftsarchitektur,Innenarchitektur,Spezialist Sicherheitsplanung","Datenübergabe in Bewirtschaftung BBL,Beschaffung (PM/OM)"
FireRating_Architektonische Bauteil / Element (Allgemein),FireRating,"1702,0",Brandschutzeigenschaft gemäss angaben des Brandschutzplaners,Pset*Common,,,,,,,,,"11 Bedürfnisformulierung / Lösungsstrategien, 21 Definition des Vorhabens / Machbarkeitsstudie, 22 Auswahlverfahren, 31 Vorprojekt, 32 Bauprojekt, 33 Bewilligungsverfahren, 41 Ausschreibung / Offertvergleich, Vergabantrag, 51 Ausführungsplanung, 52 Ausführung, 53 Inbetriebnahme / Abschluss, 61 Betrieb, 62 Erhaltung",Architektonische Bauteil / Element (Allgemein),"Architektur Gesamtmodell inkl. Räumen,Fassadenplanung,Landschaftsarchitektur,Innenarchitektur","Datenübergabe in Bewirtschaftung BBL,Beschaffung (PM/OM)"
LoadBearing_Architektonische Bauteil / Element (Allgemein),LoadBearing,"1703,0",Gibt an ob es sich um ein tragendes oder nichttragendes Bauteil handelt.,Pset*Common,"TRUE, FALSE, UNKNOWN",,,,,,,,"11 Bedürfnisformulierung / Lösungsstrategien, 21 Definition des Vorhabens / Machbarkeitsstudie, 22 Auswahlverfahren, 31 Vorprojekt, 32 Bauprojekt, 33 Bewilligungsverfahren, 41 Ausschreibung / Offertvergleich, Vergabantrag, 51 Ausführungsplanung, 52 Ausführung, 53 Inbetriebnahme / Abschluss, 61 Betrieb, 62 Erhaltung",Architektonische Bauteil / Element (Allgemein),"Architektur Gesamtmodell inkl. Räumen,Fassadenplanung,Landschaftsarchitektur,Innenarchitektur","Datenübergabe in Bewirtschaftung BBL,Visualisieren des Tragwerkes"
LoadBearing_Tragende Bauteile / Elemente (Allgemein),LoadBearing,"1704,0",Gibt an ob es sich um ein tragendes oder nichttragendes Bauteil handelt.,Pset*Common,"TRUE, FALSE, UNKNOWN",,,,,,,,"11 Bedürfnisformulierung / Lösungsstrategien, 21 Definition des Vorhabens / Machbarkeitsstudie, 22 Auswahlverfahren, 31 Vorprojekt, 32 Bauprojekt, 33 Bewilligungsverfahren, 41 Ausschreibung / Offertvergleich, Vergabantrag, 51 Ausführungsplanung, 52 Ausführung, 53 Inbetriebnahme / Abschluss, 61 Betrieb, 62 Erhaltung",Tragende Bauteile / Elemente (Allgemein),"Bauingenieur Tragwerk inkl. Sperrzonen,Bauingenieur Tiefbau & Werkleitungen,Bauingenieur Holzbau,Bauingenieur Stahlbau","Datenübergabe in Bewirtschaftung BBL,Visualisieren des Tragwerkes"
Status_Architektonische Bauteil / Element (Allgemein),Status,"1705,0","Gibt an ob es sich um:
- NEW: Neu zu erstellendes Bauteil handelt
- EXISTING: Ein Element das bestehend bleibt.
- DEMOLISH: Ein Element das abgebrochen wird.
- TEMPORARY: Ein Element das nur für die Bauzeit besteht.
",Pset*Common,"NEW, EXISTING, DEMOLISH, TEMPORARY",,,,,,,,"32 Bauprojekt, 33 Bewilligungsverfahren, 41 Ausschreibung / Offertvergleich, Vergabantrag, 51 Ausführungsplanung, 52 Ausführung, 53 Inbetriebnahme / Abschluss, 61 Betrieb",Architektonische Bauteil / Element (Allgemein),"Architektur Gesamtmodell inkl. Räumen,Fassadenplanung,Landschaftsarchitektur,Innenarchitektur,Spezialist Sicherheitsplanung","""Visualisieren von Abbruchs, und Neubauarbeiten für die Qualitätssicherung"",Datenübergabe in Bewirtschaftung BBL"
Status_Tragende Bauteile / Elemente (Allgemein),Status,"1706,0","Gibt an ob es sich um:
- NEW: Neu zu erstellendes Bauteil handelt
- EXISTING: Ein Element das bestehend bleibt.
- DEMOLISH: Ein Element das abgebrochen wird.
- TEMPORARY: Ein Element das nur für die Bauzeit besteht.
",Pset*Common,"NEW, EXISTING, DEMOLISH, TEMPORARY",,,,,,,,"32 Bauprojekt, 33 Bewilligungsverfahren, 41 Ausschreibung / Offertvergleich, Vergabantrag, 51 Ausführungsplanung, 52 Ausführung, 53 Inbetriebnahme / Abschluss, 61 Betrieb",Tragende Bauteile / Elemente (Allgemein),"Bauingenieur Tragwerk inkl. Sperrzonen,Bauingenieur Tiefbau & Werkleitungen,Bauingenieur Holzbau,Bauingenieur Stahlbau","""Visualisieren von Abbruchs, und Neubauarbeiten für die Qualitätssicherung"",Datenübergabe in Bewirtschaftung BBL"
Status_HLKSE Bauteil/Elemente/Komponenten (Allgemein),Status,"1708,0","Gibt an ob es sich um:
- NEW: Neu zu erstellendes Bauteil handelt
- EXISTING: Ein Element das bestehend bleibt.
- DEMOLISH: Ein Element das abgebrochen wird.
- TEMPORARY: Ein Element das nur für die Bauzeit besteht.
",Pset*Common,"NEW, EXISTING, DEMOLISH, TEMPORARY",,,,,,,,"32 Bauprojekt, 33 Bewilligungsverfahren, 41 Ausschreibung / Offertvergleich, Vergabantrag, 51 Ausführungsplanung, 52 Ausführung, 53 Inbetriebnahme / Abschluss, 61 Betrieb",HLKSE Bauteil/Elemente/Komponenten (Allgemein),"HLKSE Heizung-Kälte,HLKSE Sanitärplanung,HLKSE Lüftung-Klima,HLKSE Elektroplanung,HLKSE Lichtplanung,HLKSE Gebäudeautomation,HLKSE Sprinklerplanung,Spezialist Sicherheitsplanung","""Visualisieren von Abbruchs, und Neubauarbeiten für die Qualitätssicherung"",Datenübergabe in Bewirtschaftung BBL"
Status_Möbel,Status,"1711,0","Gibt an ob es sich um:
- NEW: Neu zu erstellendes Bauteil handelt
- EXISTING: Ein Element das bestehend bleibt.
- DEMOLISH: Ein Element das abgebrochen wird.
- TEMPORARY: Ein Element das nur für die Bauzeit besteht.
",Pset*Common,"NEW, EXISTING, DEMOLISH, TEMPORARY",,,,,,,,"32 Bauprojekt, 33 Bewilligungsverfahren, 41 Ausschreibung / Offertvergleich, Vergabantrag, 51 Ausführungsplanung, 52 Ausführung, 53 Inbetriebnahme / Abschluss, 61 Betrieb",Möbel,Innenarchitektur,"""Visualisieren von Abbruchs, und Neubauarbeiten für die Qualitätssicherung"",Datenübergabe in Bewirtschaftung BBL"
Status_Aushub- & Aufschüttungsvolumen,Status,"1713,0","Gibt an ob es sich um:
- NEW: Aufschüttung
- EXISTING: Bestandsterrain
- DEMOLISH: Aushub
- TEMPORARY: Zwischenlagerung
",Pset_BuildingElementProxyCommon,"NEW, EXISTING, DEMOLISH, TEMPORARY",,,,,,,,"32 Bauprojekt, 33 Bewilligungsverfahren, 41 Ausschreibung / Offertvergleich, Vergabantrag, 51 Ausführungsplanung, 52 Ausführung, 53 Inbetriebnahme / Abschluss, 61 Betrieb",Aushub- & Aufschüttungsvolumen,Bauingenieur Baugrube,"""Visualisieren von Abbruchs, und Neubauarbeiten für die Qualitätssicherung"",Datenübergabe in Bewirtschaftung BBL"
ThermalTransmittance_Architektonische Bauteil / Element (Allgemein),ThermalTransmittance,"1714,0",Gibt den U-Wert gemäss Wärmeschutzkonzept an.,Pset*Common,,,,,,,,,"11 Bedürfnisformulierung / Lösungsstrategien, 21 Definition des Vorhabens / Machbarkeitsstudie, 22 Auswahlverfahren, 31 Vorprojekt, 32 Bauprojekt, 33 Bewilligungsverfahren, 41 Ausschreibung / Offertvergleich, Vergabantrag, 51 Ausführungsplanung, 52 Ausführung, 53 Inbetriebnahme / Abschluss, 61 Betrieb, 62 Erhaltung",Architektonische Bauteil / Element (Allgemein),"Architektur Gesamtmodell inkl. Räumen,Fassadenplanung,Landschaftsarchitektur,Innenarchitektur",Beschaffung (PM/OM)
* Alle Mengen berechnet aus Erstellersoftware_Architektonische Bauteil / Element (Allgemein),* Alle Mengen berechnet aus Erstellersoftware,"1800,0","Flächen, Breiten, Volumen sind zu allen Elementen für die Projektierung und das Projektbegleitende QS in den vom Authorensystem vorgesehenen Standard zu liefern.",Qto_*BaseQuantities,,,,,,,,,"11 Bedürfnisformulierung / Lösungsstrategien, 21 Definition des Vorhabens / Machbarkeitsstudie, 22 Auswahlverfahren, 31 Vorprojekt, 32 Bauprojekt, 33 Bewilligungsverfahren, 41 Ausschreibung / Offertvergleich, Vergabantrag, 51 Ausführungsplanung, 52 Ausführung, 53 Inbetriebnahme / Abschluss, 61 Betrieb, 62 Erhaltung",Architektonische Bauteil / Element (Allgemein),"Architektur Gesamtmodell inkl. Räumen,Fassadenplanung,Landschaftsarchitektur,Innenarchitektur,Spezialist Sicherheitsplanung","Beschaffung (PM/OM),Datenübergabe in Bewirtschaftung BBL"
GrossHeight_Geschoss / Stockwerk,GrossHeight,"1900,0","Systemhöhe des Geschosses [m], gemessen von der Oberkante Rohdecke bis zur Oberkante Rohdecke im darüberliegenden Geschoss. Wird nur angegeben, wenn es eine konstante Höhe gibt: ""4.50""",Qto_BuildingStoreyBaseQuantities,,,IfcReal,,,,,,"31 Vorprojekt, 32 Bauprojekt, 33 Bewilligungsverfahren, 41 Ausschreibung / Offertvergleich, Vergabantrag, 51 Ausführungsplanung, 52 Ausführung, 53 Inbetriebnahme / Abschluss, 61 Betrieb",Geschoss / Stockwerk,Architektur Gesamtmodell inkl. Räumen,"Datenübergabe in Bewirtschaftung BBL,Berechnen von SIA416 Volumenkennwerten"
NetArea_Bodenbeläge,NetArea,"2000,0",,Qto_CoveringBaseQuantities,,,,,,,,,"52 Ausführung, 53 Inbetriebnahme / Abschluss, 61 Betrieb",Bodenbeläge,Architektur Gesamtmodell inkl. Räumen,"Datenübergabe in Bewirtschaftung BBL,Reinigung / Umgebungspflege"
NetArea_Aussenoberflächen,NetArea,"2001,0",,Qto_CoveringBaseQuantities,,,,,,,,,"52 Ausführung, 53 Inbetriebnahme / Abschluss, 61 Betrieb",Aussenoberflächen,Landschaftsarchitektur,"Datenübergabe in Bewirtschaftung BBL,Reinigung / Umgebungspflege"
Area_Tür / Tor / Revisionsöffnung (eBKP-H: E03.02 / E03.03 / G01.05 / G01.06),Area,"2100,0",,Qto_DoorBaseQuantities,,,,,,,,,"52 Ausführung, 53 Inbetriebnahme / Abschluss, 61 Betrieb",Tür / Tor / Revisionsöffnung (eBKP-H: E03.02 / E03.03 / G01.05 / G01.06),Architektur Gesamtmodell inkl. Räumen,Datenübergabe in Bewirtschaftung BBL
FinishCeilingHeight_Luftraum (Geschossweise),FinishCeilingHeight,"2200,0","Raumhöhe im Licht [m] ist (Oberkante des unteren Raumes bis zu Unterkante Fertig Decke): ""2.40""",Qto_SpaceBaseQuantities,,,Q_Length,,,,,,"52 Ausführung, 53 Inbetriebnahme / Abschluss, 61 Betrieb, 32 Bauprojekt, 33 Bewilligungsverfahren, 41 Ausschreibung / Offertvergleich, Vergabantrag, 51 Ausführungsplanung",Luftraum (Geschossweise),Architektur Gesamtmodell inkl. Räumen,"Abgleich von Soll-Raumprogramm zu Ist-Raumprogramm,Berechnen von SIA416 Volumenkennwerten,Datenübergabe in Bewirtschaftung BBL"
FinishCeilingHeight_Raum,FinishCeilingHeight,"2200,0","Raumhöhe im Licht [m] ist (Oberkante Fertig Fussboden bis zu Unterkante Fertig Decke): ""2.40""",Qto_SpaceBaseQuantities,,,Q_Length,,,,,,"52 Ausführung, 53 Inbetriebnahme / Abschluss, 61 Betrieb, 32 Bauprojekt, 33 Bewilligungsverfahren, 41 Ausschreibung / Offertvergleich, Vergabantrag, 51 Ausführungsplanung",Raum,Architektur Gesamtmodell inkl. Räumen,"Abgleich von Soll-Raumprogramm zu Ist-Raumprogramm,Berechnen von SIA416 Volumenkennwerten,Datenübergabe in Bewirtschaftung BBL"
FinishCeilingHeight_Parkplatz,FinishCeilingHeight,"2200,0","Raumhöhe im Licht [m] ist (Oberkante Fertig Fussboden bis zu Unterkante Fertig Decke): ""2.40""",Qto_SpaceBaseQuantities,,,Q_Length,,,,,,"52 Ausführung, 53 Inbetriebnahme / Abschluss, 61 Betrieb, 32 Bauprojekt, 33 Bewilligungsverfahren, 41 Ausschreibung / Offertvergleich, Vergabantrag, 51 Ausführungsplanung",Parkplatz,Architektur Gesamtmodell inkl. Räumen,"Abgleich von Soll-Raumprogramm zu Ist-Raumprogramm,Berechnen von SIA416 Volumenkennwerten,Datenübergabe in Bewirtschaftung BBL"
GrossFloorArea_Raum,GrossFloorArea,"2201,0",Raumfläche Brutto [m2],Qto_SpaceBaseQuantities,,,Q_Area,,,,,,"11 Bedürfnisformulierung / Lösungsstrategien, 21 Definition des Vorhabens / Machbarkeitsstudie, 22 Auswahlverfahren, 31 Vorprojekt, 32 Bauprojekt, 33 Bewilligungsverfahren, 41 Ausschreibung / Offertvergleich, Vergabantrag, 51 Ausführungsplanung, 52 Ausführung, 53 Inbetriebnahme / Abschluss, 61 Betrieb, 62 Erhaltung",Raum,Architektur Gesamtmodell inkl. Räumen,"Abgleich von Soll-Raumprogramm zu Ist-Raumprogramm,Berechnen von Flächenkennwerten gemäss DIN 277-SIA 0165"
GrossFloorArea_Aussenraum,GrossFloorArea,"2202,0",Raumfläche brutto [m2]: 200 ,Qto_SpaceBaseQuantities,,,,,,,,,"31 Vorprojekt, 32 Bauprojekt, 33 Bewilligungsverfahren, 41 Ausschreibung / Offertvergleich, Vergabantrag, 51 Ausführungsplanung, 52 Ausführung, 53 Inbetriebnahme / Abschluss, 61 Betrieb, 21 Definition des Vorhabens / Machbarkeitsstudie",Aussenraum,Architektur Gesamtmodell inkl. Räumen,"Datenübergabe in Bewirtschaftung BBL,Berechnen von Flächenkennwerten gemäss DIN 277-SIA 0165,Berechnen der Energiebezugsfläche"
GrossFloorArea_Geschossfläche,GrossFloorArea,"2202,0",Raumfläche brutto [m2]: 200 ,Qto_SpaceBaseQuantities,,,,,,,,,"31 Vorprojekt, 32 Bauprojekt, 33 Bewilligungsverfahren, 41 Ausschreibung / Offertvergleich, Vergabantrag, 51 Ausführungsplanung, 52 Ausführung, 53 Inbetriebnahme / Abschluss, 61 Betrieb, 21 Definition des Vorhabens / Machbarkeitsstudie",Geschossfläche,Architektur Geschossfläche,"Datenübergabe in Bewirtschaftung BBL,Berechnen von Flächenkennwerten gemäss DIN 277-SIA 0165,Berechnen der Energiebezugsfläche"
GrossFloorArea_Geschossvolumen,GrossFloorArea,"2203,0",Raumfläche Brutto [m2],Qto_SpaceBaseQuantities,,,Q_Area,,,,,,"11 Bedürfnisformulierung / Lösungsstrategien, 21 Definition des Vorhabens / Machbarkeitsstudie, 22 Auswahlverfahren, 31 Vorprojekt, 32 Bauprojekt, 33 Bewilligungsverfahren, 41 Ausschreibung / Offertvergleich, Vergabantrag, 51 Ausführungsplanung, 52 Ausführung, 53 Inbetriebnahme / Abschluss, 61 Betrieb, 62 Erhaltung",Geschossvolumen,Architektur Gebäudevolumen,"Abgleich von Soll-Raumprogramm zu Ist-Raumprogramm,Berechnen von Flächenkennwerten gemäss DIN 277-SIA 0165"
GrossVolume_Geschossvolumen,GrossVolume,"2204,0",Raumvolumen brutto [m3]: 1'000 ,Qto_SpaceBaseQuantities,,,,,,,,,"31 Vorprojekt, 32 Bauprojekt, 33 Bewilligungsverfahren, 41 Ausschreibung / Offertvergleich, Vergabantrag, 51 Ausführungsplanung, 52 Ausführung, 53 Inbetriebnahme / Abschluss, 61 Betrieb, 21 Definition des Vorhabens / Machbarkeitsstudie",Geschossvolumen,Architektur Gebäudevolumen,"Datenübergabe in Bewirtschaftung BBL,Berechnen von SIA416 Volumenkennwerten"
GrossVolume_Raum,GrossVolume,"2205,0",Raumvolumen brutto [m3]: 1'000 ,Qto_SpaceBaseQuantities,,,,,,,,,"31 Vorprojekt, 32 Bauprojekt, 33 Bewilligungsverfahren, 41 Ausschreibung / Offertvergleich, Vergabantrag, 51 Ausführungsplanung, 52 Ausführung, 53 Inbetriebnahme / Abschluss, 61 Betrieb, 21 Definition des Vorhabens / Machbarkeitsstudie",Raum,Architektur Gesamtmodell inkl. Räumen,"Datenübergabe in Bewirtschaftung BBL,Berechnen von SIA416 Volumenkennwerten"
GrossVolume_Luftraum (Geschossweise),GrossVolume,"2205,0",Raumvolumen brutto [m3]: 1'000 ,Qto_SpaceBaseQuantities,,,,,,,,,"31 Vorprojekt, 32 Bauprojekt, 33 Bewilligungsverfahren, 41 Ausschreibung / Offertvergleich, Vergabantrag, 51 Ausführungsplanung, 52 Ausführung, 53 Inbetriebnahme / Abschluss, 61 Betrieb, 21 Definition des Vorhabens / Machbarkeitsstudie",Luftraum (Geschossweise),Architektur Gesamtmodell inkl. Räumen,"Datenübergabe in Bewirtschaftung BBL,Berechnen von SIA416 Volumenkennwerten"
Height_Geschossvolumen,Height,"2206,0","Bruttoraumhöhe von Unterkante Rohdecke/Fundament bis Oberkante Rohdecke, Beim Dach wird von Oberkante Rohdecke bis OK Dachhaut modelliert.",Qto_SpaceBaseQuantities,,,,,,,,,"52 Ausführung, 53 Inbetriebnahme / Abschluss, 61 Betrieb, 32 Bauprojekt, 33 Bewilligungsverfahren, 41 Ausschreibung / Offertvergleich, Vergabantrag, 51 Ausführungsplanung",Geschossvolumen,Architektur Gebäudevolumen,"Datenübergabe in Bewirtschaftung BBL,Berechnen von SIA416 Volumenkennwerten"
Height_Parkplatz,Height,"2207,0",Raumhoehe von Oberkante Fertigfussboden bis zu Unterkante Rohdecke,Qto_SpaceBaseQuantities,,,Q_Length,,,,,,"53 Inbetriebnahme / Abschluss, 61 Betrieb",Parkplatz,Architektur Gesamtmodell inkl. Räumen,"Abgleich von Soll-Raumprogramm zu Ist-Raumprogramm,Berechnen von SIA416 Volumenkennwerten,Datenübergabe in Bewirtschaftung BBL"
Height_Luftraum (Geschossweise),Height,"2207,0",Raumhoehe von Oberkante des Unteren Raumes bis zu Unterkante Rohdecke,Qto_SpaceBaseQuantities,,,Q_Length,,,,,,"53 Inbetriebnahme / Abschluss, 61 Betrieb",Luftraum (Geschossweise),Architektur Gesamtmodell inkl. Räumen,"Abgleich von Soll-Raumprogramm zu Ist-Raumprogramm,Berechnen von SIA416 Volumenkennwerten,Datenübergabe in Bewirtschaftung BBL"
Height_Raum,Height,"2207,0",Raumhoehe von Oberkante Fertigfussboden bis zu Unterkante Rohdecke,Qto_SpaceBaseQuantities,,,Q_Length,,,,,,"53 Inbetriebnahme / Abschluss, 61 Betrieb",Raum,Architektur Gesamtmodell inkl. Räumen,"Abgleich von Soll-Raumprogramm zu Ist-Raumprogramm,Berechnen von SIA416 Volumenkennwerten,Datenübergabe in Bewirtschaftung BBL"
Height_Geschossfläche,Height,"2208,0",Bruttoraumhöhe von Oberkante Fussboden bis Unterkante Rohdecke.,Qto_SpaceBaseQuantities,,,,,,,,,"52 Ausführung, 53 Inbetriebnahme / Abschluss, 61 Betrieb, 32 Bauprojekt, 33 Bewilligungsverfahren, 41 Ausschreibung / Offertvergleich, Vergabantrag, 51 Ausführungsplanung",Geschossfläche,Architektur Geschossfläche,"Datenübergabe in Bewirtschaftung BBL,Berechnen von SIA416 Volumenkennwerten"
EBZ_Raum,EBZ,"2209,0","Manuelle eingetragene Energiebezugsfläche in [m2]. Anteil KF kann ignoriert werden, es ist nur die anrechenbare Fläche zu berücksichtigen.",Qto_SpaceBaseQuantities,,,Q_Area,,,,,,"32 Bauprojekt, 33 Bewilligungsverfahren, 41 Ausschreibung / Offertvergleich, Vergabantrag, 51 Ausführungsplanung, 52 Ausführung, 53 Inbetriebnahme / Abschluss, 61 Betrieb",Raum,Architektur Gesamtmodell inkl. Räumen,"Abgleich von Soll-Raumprogramm zu Ist-Raumprogramm,Berechnen von Flächenkennwerten gemäss DIN 277-SIA 0165"
NetFloorArea_Luftraum (Geschossweise),NetFloorArea,"2209,0",Raumfläche Netto (exklusive Stützen) in [m2] ,Qto_SpaceBaseQuantities,,,Q_Area,,,,,,"32 Bauprojekt, 33 Bewilligungsverfahren, 41 Ausschreibung / Offertvergleich, Vergabantrag, 51 Ausführungsplanung, 52 Ausführung, 53 Inbetriebnahme / Abschluss, 61 Betrieb",Luftraum (Geschossweise),Architektur Gesamtmodell inkl. Räumen,"Abgleich von Soll-Raumprogramm zu Ist-Raumprogramm,Berechnen von Flächenkennwerten gemäss DIN 277-SIA 0165"
NetFloorArea_Raum,NetFloorArea,"2209,0",Raumfläche Netto (exklusive Stützen) in [m2] ,Qto_SpaceBaseQuantities,,,Q_Area,,,,,,"32 Bauprojekt, 33 Bewilligungsverfahren, 41 Ausschreibung / Offertvergleich, Vergabantrag, 51 Ausführungsplanung, 52 Ausführung, 53 Inbetriebnahme / Abschluss, 61 Betrieb",Raum,Architektur Gesamtmodell inkl. Räumen,"Abgleich von Soll-Raumprogramm zu Ist-Raumprogramm,Berechnen von Flächenkennwerten gemäss DIN 277-SIA 0165"
NetFloorArea_Parkplatz,NetFloorArea,"2209,0",Raumfläche Netto (exklusive Stützen) in [m2] ,Qto_SpaceBaseQuantities,,,Q_Area,,,,,,"32 Bauprojekt, 33 Bewilligungsverfahren, 41 Ausschreibung / Offertvergleich, Vergabantrag, 51 Ausführungsplanung, 52 Ausführung, 53 Inbetriebnahme / Abschluss, 61 Betrieb",Parkplatz,Architektur Gesamtmodell inkl. Räumen,"Abgleich von Soll-Raumprogramm zu Ist-Raumprogramm,Berechnen von Flächenkennwerten gemäss DIN 277-SIA 0165"
Area_Fenster / Oberlichter (eBKP-H: E03.01),Area,"2210,0",Fensterfläche,Qto_WindowBaseQuantities,,,Q_Area,,,,,,"52 Ausführung, 53 Inbetriebnahme / Abschluss, 61 Betrieb",Fenster / Oberlichter (eBKP-H: E03.01),Architektur Gesamtmodell inkl. Räumen,"Datenübergabe in Bewirtschaftung BBL,Reinigung / Umgebungspflege"