ModelNameID,Sort,ModelNameDE,Created,Created By,Last Modified,ModelDescribtionDE,Project,Responsible,Phase,ResponsibleDE,ResponsibleEN,ResponsibleFR,ResponsibleIT,FileName,Element,ElementNameFR,ElementNameIT,Usecase,ModelNameFR,Last Modified By,ModelNameIT,ModelDescribtionFR,ModelDescribtionIT,FileNameFR,FileNameIT,UsecaseNameFR,UsecaseNameIT,ModelNameEN,PhaseDE,PhaseEN,PhaseFR,PhaseIT,ModelDescribtionEN,FileNameEN,DateMod,Version,VersionDate,ArtifactType,ArtifactTypeIT,ArtifactTypeFR,ArtifactTypeEN,ArtifactTypeDE,VersionNumber,VersionChanged,ProjectName,Selected(all),Selected(help),Selected,Attributes,BBLAnmerkung
Architektur Referenzmodell / Perimeter / Koordinationselemente_BBL_STANDARD,1.0,Architektur Referenzmodell / Perimeter / Koordinationselemente,2024-02-27 18:15,Simon Dilhas,14.8.2024 6:08pm,,BBL_STANDARD,Architekt,"Bestandsaufnahme,Bedürfnisformulierung,Machbarkeitsstudie,Vorprojekt,Bauprojekt,Bewilligungsverfahren / Auflage,Ausschreibung / Vergabe,Ausführungsplanung,Ausführung,Inbetriebnahme / Abschluss,Betrieb",Architekt,Architect,Architecte,Architetto,M ARCHI-RE,"Projekt_BBL_STANDARD,Planungsperimeter / Projektperimeter_BBL_STANDARD,Gebäude / Bauwerke_BBL_STANDARD,Geschoss / Stockwerk_BBL_STANDARD,Modelleinfügepunkte_BBL_STANDARD,Baurechtliche Parzelle_BBL_STANDARD",,,Projektstart mit BIM _BBL_STANDARD,,Simon Dilhas,,,,,,,,,"Bestandsaufnahme, Bedürfnisformulierung, Machbarkeitsstudie, Vorprojekt, Bauprojekt, Bewilligungsverfahren / Auflage, Ausschreibung / Vergabe, Ausführungsplanung, Ausführung, Inbetriebnahme / Abschluss, Betrieb","Inventory, Formulation of needs, Feasibility study, Preliminary project, Design, Approval procedure, Tender / Award, Execution planning, Execution, Commissioning / Handover, Operation","Inventaire, Formulation des besoins, Étude de faisabilité, Projet préliminaire, Projet de construction, Procédure / édition d'approbation, Appel d'offres / prix, Planification de l'exécution, Exécution, Commission / achèvement, Opération","Inventario, Formulazione dei bisogni, Studio di fattibilità, Progetto preliminare, Progetto di costruzione, Procedura di approvazione / edizione, Tender / premio, Pianificazione dell'esecuzione, Esecuzione, Messa in servizio / completamento, Operazione",,,14.8.2024,,,Modell IFC,Modello IFC,Modèle IFC,Model IFC,Modell IFC,,xxx,BBL Standard,1 checked out of 1,TRUE,true,"Planungsperimeter / Projektperimeter_PropertyName_BBL_STANDARD,Planungsperimeter / Projektperimeter_LandID_BBL_STANDARD,Planungsperimeter / Projektperimeter_Location_BBL_STANDARD,Planungsperimeter / Projektperimeter_LandArea_BBL_STANDARD,Planungsperimeter / Projektperimeter_PostalCode_BBL_STANDARD,Projekt_Name_BBL_STANDARD,Planungsperimeter / Projektperimeter_Country_BBL_STANDARD,Planungsperimeter / Projektperimeter_Town_BBL_STANDARD,Planungsperimeter / Projektperimeter_Region_BBL_STANDARD,Planungsperimeter / Projektperimeter_Identifier_BBL_STANDARD,Projekt_Description_BBL_STANDARD,Projekt_Phase_BBL_STANDARD,Planungsperimeter / Projektperimeter_Name_BBL_STANDARD,Gebäude / Bauwerke_Name_BBL_STANDARD,Gebäude / Bauwerke_Description_BBL_STANDARD,Geschoss / Stockwerk_Name_BBL_STANDARD,Geschoss / Stockwerk_Description_BBL_STANDARD,Modelleinfügepunkte_LV95N_BBL_STANDARD,Modelleinfügepunkte_LV95E_BBL_STANDARD,Modelleinfügepunkte_Elevation_BBL_STANDARD,Modelleinfügepunkte_Name_BBL_STANDARD",
Architektur Gesamtmodell inkl. Räumen_BBL_STANDARD,2.0,Architektur Gesamtmodell inkl. Räumen,2022-05-22 19:06,Simon Dilhas,14.8.2024 5:55pm,,BBL_STANDARD,Architekt,"Bestandsaufnahme,Bedürfnisformulierung,Machbarkeitsstudie,Vorprojekt,Bauprojekt,Bewilligungsverfahren / Auflage,Ausschreibung / Vergabe,Ausführungsplanung,Ausführung,Inbetriebnahme / Abschluss,Betrieb",Architekt,Architect,Architecte,Architetto,M ARCHI-GM,"Projekt_BBL_STANDARD,Planungsperimeter / Projektperimeter_BBL_STANDARD,Gebäude / Bauwerke_BBL_STANDARD,Geschoss / Stockwerk_BBL_STANDARD,Modelleinfügepunkte_BBL_STANDARD,Raum_BBL_STANDARD,Luftraum (Geschossweise)_BBL_STANDARD,Aussenraum_BBL_STANDARD,Raum Typ gemäss Vorgabe DIN 277-SIA 0165_BBL_STANDARD,Parkplatz_BBL_STANDARD,Schutzzonen_BBL_STANDARD,Nutzungseinheit_BBL_STANDARD,Sicherheitsbereich_BBL_STANDARD,Brandabschnittszone_BBL_STANDARD,Explosionszone_BBL_STANDARD,Gebäudezone_BBL_STANDARD,Evakuierungszone_BBL_STANDARD,Architektonische Bauteil / Element (Allgemein)_BBL_STANDARD,Tür / Tor / Revisionsöffnung (eBKP-H: E03.02 / E03.03 / G01.05 / G01.06)_BBL_STANDARD,Fenster / Oberlichter (eBKP-H: E03.01)_BBL_STANDARD,Sonnenschutz _BBL_STANDARD,Bodenbeläge_BBL_STANDARD,eBKP-H Klassifizierung_BBL_STANDARD,Bauteil Typ Architektur_BBL_STANDARD",,,"Datenübergabe in Bewirtschaftung BBL_BBL_STANDARD,Wartung / Inspektion (OM)_BBL_STANDARD,Berechnen von Flächenkennwerten gemäss DIN 277-SIA 0165_BBL_STANDARD,Berechnen von SIA416 Volumenkennwerten_BBL_STANDARD,Zählen von Parkplätzen_BBL_STANDARD,Visualisieren & Verwalten von Lastenanforderungen_BBL_STANDARD,Abgleich von Soll-Raumprogramm zu Ist-Raumprogramm_BBL_STANDARD,Visualisieren der Brandschutzabschnitte_BBL_STANDARD,Visualisieren der Schutzzonen_BBL_STANDARD,Visualisieren der Sicherheitszonen_BBL_STANDARD,Inventar_BBL_STANDARD,Visualisieren der Explosionszonen_BBL_STANDARD,Auszug der Bodenbeläge für Reinigungsplanung._BBL_STANDARD,Planung von Wartungsarbeiten für den Aussenliegenden Sonnenschutz._BBL_STANDARD,Visualisieren der eBKP-h Zuordnung von Bauteilen für Plausibilisierungen_BBL_STANDARD,Identifizieren von verbauten Produkten_BBL_STANDARD,Reinigung / Umgebungspflege_BBL_STANDARD,""Visualisieren von Abbruchs, und Neubauarbeiten für die Qualitätssicherung_BBL_STANDARD"",Gebäudeaufnahme als Grundlage für Projekt_BBL_STANDARD,Visualisieren von Nutzungseinheiten / Kostenteileiler_BBL_STANDARD,Visualisieren von Gebäudezonen_BBL_STANDARD,Visualisieren von Evakuationsbereichen_BBL_STANDARD,""Visualisieren der Verbauten Sonnenschutzsysteme z.B. für Reinigungsausschreibungen, Qualitätssicherung_BBL_STANDARD"",Modellierung von Bestandsgebäuden als Projektierungsgrundlage - Architektur_BBL_STANDARD",,Simon Dilhas,,,,,,,,,"Bestandsaufnahme, Bedürfnisformulierung, Machbarkeitsstudie, Vorprojekt, Bauprojekt, Bewilligungsverfahren / Auflage, Ausschreibung / Vergabe, Ausführungsplanung, Ausführung, Inbetriebnahme / Abschluss, Betrieb","Inventory, Formulation of needs, Feasibility study, Preliminary project, Design, Approval procedure, Tender / Award, Execution planning, Execution, Commissioning / Handover, Operation","Inventaire, Formulation des besoins, Étude de faisabilité, Projet préliminaire, Projet de construction, Procédure / édition d'approbation, Appel d'offres / prix, Planification de l'exécution, Exécution, Commission / achèvement, Opération","Inventario, Formulazione dei bisogni, Studio di fattibilità, Progetto preliminare, Progetto di costruzione, Procedura di approvazione / edizione, Tender / premio, Pianificazione dell'esecuzione, Esecuzione, Messa in servizio / completamento, Operazione",,,14.8.2024,,,Modell IFC,Modello IFC,Modèle IFC,Model IFC,Modell IFC,,xxx,BBL Standard,19 checked out of 24,TRUEFALSE,true,"Projekt_Name_BBL_STANDARD,Raum_AreaLoad_BBL_STANDARD,Raum_PointLoad_BBL_STANDARD,Raum_IsExternal_BBL_STANDARD,Raum_FireExit_BBL_STANDARD,Raum_Name_BBL_STANDARD,Raum_Description_BBL_STANDARD,Raum_GrossFloorArea_BBL_STANDARD,Raum_PredefinedTyp_BBL_STANDARD,Raum_FinishCeilingHeight_BBL_STANDARD,Schutzzonen_Name_BBL_STANDARD,Architektonische Bauteil / Element (Allgemein)_Name_BBL_STANDARD,Gebäude / Bauwerke_Reference_BBL_STANDARD,Geschoss / Stockwerk_AboveGround_BBL_STANDARD,Geschoss / Stockwerk_GrossHeight_BBL_STANDARD,Nutzungseinheit_Name_BBL_STANDARD,Parkplatz_LongName_BBL_STANDARD,Gebäude / Bauwerke_BuildingID_BBL_STANDARD,Gebäude / Bauwerke_YearOfConstruction_BBL_STANDARD,Planungsperimeter / Projektperimeter_Identifier_BBL_STANDARD,Planungsperimeter / Projektperimeter_PropertyName_BBL_STANDARD,Planungsperimeter / Projektperimeter_LandID_BBL_STANDARD,Planungsperimeter / Projektperimeter_Location_BBL_STANDARD,Planungsperimeter / Projektperimeter_LandArea_BBL_STANDARD,Planungsperimeter / Projektperimeter_PostalCode_BBL_STANDARD,Gebäude / Bauwerke_AdressNumber_BBL_STANDARD,Gebäude / Bauwerke_InsuranceNumber_BBL_STANDARD,Gebäude / Bauwerke_RiskLevel_BBL_STANDARD,Planungsperimeter / Projektperimeter_Country_BBL_STANDARD,Planungsperimeter / Projektperimeter_Town_BBL_STANDARD,Planungsperimeter / Projektperimeter_Region_BBL_STANDARD,Raum Typ gemäss Vorgabe DIN 277-SIA 0165_Name_BBL_STANDARD,Raum_Height_BBL_STANDARD,Raum_OccupancyNumber_BBL_STANDARD,Raum_FireExit_BBL_STANDARD,Raum_NaturalVentilationRate_BBL_STANDARD,Raum_SpaceTemperatureWinterMin_BBL_STANDARD,Raum_SpaceTemperatureSummerMax_BBL_STANDARD,Raum_SpaceHumidityMax_BBL_STANDARD,Parkplatz_PredefinedTyp_BBL_STANDARD,Brandabschnittszone_Name_BBL_STANDARD,Sicherheitsbereich_Name_BBL_STANDARD,Explosionszone_Name_BBL_STANDARD,Gebäudezone_Name_BBL_STANDARD,Evakuierungszone_Name_BBL_STANDARD,Fenster / Oberlichter (eBKP-H: E03.01)_Name_BBL_STANDARD,Fenster / Oberlichter (eBKP-H: E03.01)_Description_BBL_STANDARD,Fenster / Oberlichter (eBKP-H: E03.01)_PredefinedType_BBL_STANDARD,Fenster / Oberlichter (eBKP-H: E03.01)_IsExternal_BBL_STANDARD,Fenster / Oberlichter (eBKP-H: E03.01)_FireRating_BBL_STANDARD,Fenster / Oberlichter (eBKP-H: E03.01)_Status_BBL_STANDARD,Fenster / Oberlichter (eBKP-H: E03.01)_SecurityRating_BBL_STANDARD,Fenster / Oberlichter (eBKP-H: E03.01)_Area_BBL_STANDARD,Fenster / Oberlichter (eBKP-H: E03.01)_GlazingAreaFraction_BBL_STANDARD,Fenster / Oberlichter (eBKP-H: E03.01)_Opens_BBL_STANDARD,Tür / Tor / Revisionsöffnung (eBKP-H: E03.02 / E03.03 / G01.05 / G01.06)_Name_BBL_STANDARD,Tür / Tor / Revisionsöffnung (eBKP-H: E03.02 / E03.03 / G01.05 / G01.06)_Description_BBL_STANDARD,Tür / Tor / Revisionsöffnung (eBKP-H: E03.02 / E03.03 / G01.05 / G01.06)_PredefinedType_BBL_STANDARD,Tür / Tor / Revisionsöffnung (eBKP-H: E03.02 / E03.03 / G01.05 / G01.06)_OperationType_BBL_STANDARD,Tür / Tor / Revisionsöffnung (eBKP-H: E03.02 / E03.03 / G01.05 / G01.06)_IsExternal_BBL_STANDARD,Tür / Tor / Revisionsöffnung (eBKP-H: E03.02 / E03.03 / G01.05 / G01.06)_HasDrive_BBL_STANDARD,Tür / Tor / Revisionsöffnung (eBKP-H: E03.02 / E03.03 / G01.05 / G01.06)_FireRating_BBL_STANDARD,Tür / Tor / Revisionsöffnung (eBKP-H: E03.02 / E03.03 / G01.05 / G01.06)_Status_BBL_STANDARD,Tür / Tor / Revisionsöffnung (eBKP-H: E03.02 / E03.03 / G01.05 / G01.06)_SecurityRating_BBL_STANDARD,Tür / Tor / Revisionsöffnung (eBKP-H: E03.02 / E03.03 / G01.05 / G01.06)_Area_BBL_STANDARD,Tür / Tor / Revisionsöffnung (eBKP-H: E03.02 / E03.03 / G01.05 / G01.06)_GlazingAreaFraction_BBL_STANDARD,Bodenbeläge_Floormaterial_BBL_STANDARD,Bodenbeläge_NetArea_BBL_STANDARD,Baurechtliche Parzelle_Name_BBL_STANDARD,Baurechtliche Parzelle_ObjectType_BBL_STANDARD,Raum_NetPlannedArea_BBL_STANDARD,Raum_NetFloorArea_BBL_STANDARD,Raum_MinimumHeadroom_BBL_STANDARD,Aussenraum_IsExternal_BBL_STANDARD,Luftraum (Geschossweise)_LongName_BBL_STANDARD,Aussenraum_Name_BBL_STANDARD,Aussenraum_Description_BBL_STANDARD,Sonnenschutz _PredefinedType_BBL_STANDARD,Sonnenschutz _IsExternal_BBL_STANDARD,Sonnenschutz _Status_BBL_STANDARD,Raum_GrossVolume_BBL_STANDARD,Raum_HandicapAccessible_BBL_STANDARD,Luftraum (Geschossweise)_Height_BBL_STANDARD,Luftraum (Geschossweise)_NetFloorArea_BBL_STANDARD,Luftraum (Geschossweise)_GrossVolume_BBL_STANDARD,Aussenraum_GrossFloorArea_BBL_STANDARD,Luftraum (Geschossweise)_FinishCeilingHeight_BBL_STANDARD,Parkplatz_NetFloorArea_BBL_STANDARD,Parkplatz_Height_BBL_STANDARD,Parkplatz_FinishCeilingHeight_BBL_STANDARD,Bodenbeläge_PredefinedType_BBL_STANDARD,Luftraum (Geschossweise)_PredefinedTyp_BBL_STANDARD,Architektonische Bauteil / Element (Allgemein)_PredefinedType_BBL_STANDARD,Architektonische Bauteil / Element (Allgemein)_Status_BBL_STANDARD,Architektonische Bauteil / Element (Allgemein)_FireRating_BBL_STANDARD,Architektonische Bauteil / Element (Allgemein)_External _BBL_STANDARD,Architektonische Bauteil / Element (Allgemein)_* Alle Mengen berechnet aus Erstellersoftware_BBL_STANDARD,Architektonische Bauteil / Element (Allgemein)_Name_BBL_STANDARD,Bauteil Typ Architektur_PointOfContact_BBL_STANDARD,Bauteil Typ Architektur_SerialNumber_BBL_STANDARD,Bauteil Typ Architektur_ModelLabel_BBL_STANDARD,Bauteil Typ Architektur_Manufacturer_BBL_STANDARD,Bauteil Typ Architektur_ModelReference_BBL_STANDARD,Architektonische Bauteil / Element (Allgemein)_AcousticRating_BBL_STANDARD,Architektonische Bauteil / Element (Allgemein)_ThermalTransmittance_BBL_STANDARD,Architektonische Bauteil / Element (Allgemein)_LoadBearing_BBL_STANDARD,Projekt_Description_BBL_STANDARD,Projekt_Phase_BBL_STANDARD,Planungsperimeter / Projektperimeter_Name_BBL_STANDARD,Gebäude / Bauwerke_Name_BBL_STANDARD,Gebäude / Bauwerke_Description_BBL_STANDARD,Geschoss / Stockwerk_Name_BBL_STANDARD,Geschoss / Stockwerk_Description_BBL_STANDARD,Modelleinfügepunkte_LV95N_BBL_STANDARD,Modelleinfügepunkte_LV95E_BBL_STANDARD,Modelleinfügepunkte_Elevation_BBL_STANDARD,Modelleinfügepunkte_Name_BBL_STANDARD,eBKP-H Klassifizierung_Name_BBL_STANDARD,Raum_EBZ_BBL_STANDARD",
Architektur Gebäudevolumen_BBL_STANDARD,3.0,Architektur Gebäudevolumen,2024-02-28 10:47,Simon Dilhas,14.8.2024 5:10pm,,BBL_STANDARD,Architekt,"Bestandsaufnahme,Bedürfnisformulierung,Machbarkeitsstudie,Vorprojekt,Bauprojekt,Bewilligungsverfahren / Auflage,Ausschreibung / Vergabe,Ausführungsplanung,Ausführung,Inbetriebnahme / Abschluss,Betrieb",Architekt,Architect,Architecte,Architetto,M ARCHI-GV,"Projekt_BBL_STANDARD,Planungsperimeter / Projektperimeter_BBL_STANDARD,Gebäude / Bauwerke_BBL_STANDARD,Geschoss / Stockwerk_BBL_STANDARD,Modelleinfügepunkte_BBL_STANDARD,Geschossvolumen_BBL_STANDARD,Raum Typ gemäss Vorgabe DIN 277-SIA 0165_BBL_STANDARD,Geschossfläche_BBL_STANDARD,Energiefläche / Volumen_BBL_STANDARD",,,"Berechnen von SIA416 Volumenkennwerten_BBL_STANDARD,Visualisieren & Verwalten von Lastenanforderungen_BBL_STANDARD",,Simon Dilhas,,,,,,,,,"Bestandsaufnahme, Bedürfnisformulierung, Machbarkeitsstudie, Vorprojekt, Bauprojekt, Bewilligungsverfahren / Auflage, Ausschreibung / Vergabe, Ausführungsplanung, Ausführung, Inbetriebnahme / Abschluss, Betrieb","Inventory, Formulation of needs, Feasibility study, Preliminary project, Design, Approval procedure, Tender / Award, Execution planning, Execution, Commissioning / Handover, Operation","Inventaire, Formulation des besoins, Étude de faisabilité, Projet préliminaire, Projet de construction, Procédure / édition d'approbation, Appel d'offres / prix, Planification de l'exécution, Exécution, Commission / achèvement, Opération","Inventario, Formulazione dei bisogni, Studio di fattibilità, Progetto preliminare, Progetto di costruzione, Procedura di approvazione / edizione, Tender / premio, Pianificazione dell'esecuzione, Esecuzione, Messa in servizio / completamento, Operazione",,,14.8.2024,,,Modell IFC,Modello IFC,Modèle IFC,Model IFC,Modell IFC,,xxx,BBL Standard,2 checked out of 2,TRUE,true,"Projekt_Name_BBL_STANDARD,Geschossvolumen_GrossVolume_BBL_STANDARD,Geschossvolumen_GrossFloorArea_BBL_STANDARD,Geschossvolumen_Height_BBL_STANDARD,Geschossvolumen_Name_BBL_STANDARD,Projekt_Description_BBL_STANDARD,Projekt_Phase_BBL_STANDARD,Planungsperimeter / Projektperimeter_Name_BBL_STANDARD,Gebäude / Bauwerke_Name_BBL_STANDARD,Gebäude / Bauwerke_Description_BBL_STANDARD,Geschoss / Stockwerk_Name_BBL_STANDARD,Geschoss / Stockwerk_Description_BBL_STANDARD,Modelleinfügepunkte_LV95N_BBL_STANDARD,Modelleinfügepunkte_LV95E_BBL_STANDARD,Modelleinfügepunkte_Elevation_BBL_STANDARD,Modelleinfügepunkte_Name_BBL_STANDARD,eBKP-H Klassifizierung_Name_BBL_STANDARD","Optimierungspotential: Nur das GV Modell bestellen und das GF Modell davon ableiten:

ohne Fundament, Lufträume abziehen."
Architektur Geschossfläche_BBL_STANDARD,4.0,Architektur Geschossfläche,2024-02-28 10:49,Simon Dilhas,14.8.2024 5:33pm,,BBL_STANDARD,Architekt,"Bestandsaufnahme,Bedürfnisformulierung,Machbarkeitsstudie,Vorprojekt,Bauprojekt,Bewilligungsverfahren / Auflage,Ausschreibung / Vergabe,Ausführungsplanung,Ausführung,Inbetriebnahme / Abschluss,Betrieb",Architekt,Architect,Architecte,Architetto,M ARCHI-GF,"Projekt_BBL_STANDARD,Planungsperimeter / Projektperimeter_BBL_STANDARD,Gebäude / Bauwerke_BBL_STANDARD,Geschoss / Stockwerk_BBL_STANDARD,Modelleinfügepunkte_BBL_STANDARD,Geschossfläche_BBL_STANDARD",,,Berechnen von Flächenkennwerten gemäss DIN 277-SIA 0165_BBL_STANDARD,,Simon Dilhas,,,,,,,,,"Bestandsaufnahme, Bedürfnisformulierung, Machbarkeitsstudie, Vorprojekt, Bauprojekt, Bewilligungsverfahren / Auflage, Ausschreibung / Vergabe, Ausführungsplanung, Ausführung, Inbetriebnahme / Abschluss, Betrieb","Inventory, Formulation of needs, Feasibility study, Preliminary project, Design, Approval procedure, Tender / Award, Execution planning, Execution, Commissioning / Handover, Operation","Inventaire, Formulation des besoins, Étude de faisabilité, Projet préliminaire, Projet de construction, Procédure / édition d'approbation, Appel d'offres / prix, Planification de l'exécution, Exécution, Commission / achèvement, Opération","Inventario, Formulazione dei bisogni, Studio di fattibilità, Progetto preliminare, Progetto di costruzione, Procedura di approvazione / edizione, Tender / premio, Pianificazione dell'esecuzione, Esecuzione, Messa in servizio / completamento, Operazione",,,14.8.2024,,,Modell IFC,Modello IFC,Modèle IFC,Model IFC,Modell IFC,,xxx,BBL Standard,1 checked out of 1,TRUE,true,"Projekt_Name_BBL_STANDARD,Geschossfläche_IsExternal_BBL_STANDARD,Geschossfläche_Height_BBL_STANDARD,Geschossfläche_GrossFloorArea_BBL_STANDARD,Projekt_Description_BBL_STANDARD,Projekt_Phase_BBL_STANDARD,Planungsperimeter / Projektperimeter_Name_BBL_STANDARD,Gebäude / Bauwerke_Name_BBL_STANDARD,Gebäude / Bauwerke_Description_BBL_STANDARD,Geschoss / Stockwerk_Name_BBL_STANDARD,Geschoss / Stockwerk_Description_BBL_STANDARD,Modelleinfügepunkte_LV95N_BBL_STANDARD,Modelleinfügepunkte_LV95E_BBL_STANDARD,Modelleinfügepunkte_Elevation_BBL_STANDARD,Modelleinfügepunkte_Name_BBL_STANDARD,eBKP-H Klassifizierung_Name_BBL_STANDARD",
Fassadenplanung_BBL_STANDARD,5.0,Fassadenplanung,2024-08-13 17:15,Simon Dilhas,14.8.2024 5:10pm,,BBL_STANDARD,Architekt,,Architekt,Architect,Architecte,Architetto,M ARCHI-FA,"Projekt_BBL_STANDARD,Planungsperimeter / Projektperimeter_BBL_STANDARD,Gebäude / Bauwerke_BBL_STANDARD,Geschoss / Stockwerk_BBL_STANDARD,Modelleinfügepunkte_BBL_STANDARD,Geschossfläche_BBL_STANDARD",,,Wartung / Inspektion (OM)_BBL_STANDARD,,Simon Dilhas,,,,,,,,,,,,,,,14.8.2024,,,,,,,,,xxx,BBL Standard,1 checked out of 1,TRUE,true,"Projekt_Name_BBL_STANDARD,Architektonische Bauteil / Element (Allgemein)_Name_BBL_STANDARD,Architektonische Bauteil / Element (Allgemein)_PredefinedType_BBL_STANDARD,Architektonische Bauteil / Element (Allgemein)_Status_BBL_STANDARD,Architektonische Bauteil / Element (Allgemein)_FireRating_BBL_STANDARD,Architektonische Bauteil / Element (Allgemein)_External _BBL_STANDARD,Architektonische Bauteil / Element (Allgemein)_* Alle Mengen berechnet aus Erstellersoftware_BBL_STANDARD,Architektonische Bauteil / Element (Allgemein)_Name_BBL_STANDARD,Bauteil Typ Architektur_PointOfContact_BBL_STANDARD,Bauteil Typ Architektur_SerialNumber_BBL_STANDARD,Bauteil Typ Architektur_ModelLabel_BBL_STANDARD,Bauteil Typ Architektur_Manufacturer_BBL_STANDARD,Bauteil Typ Architektur_ModelReference_BBL_STANDARD,Architektonische Bauteil / Element (Allgemein)_AcousticRating_BBL_STANDARD,Architektonische Bauteil / Element (Allgemein)_ThermalTransmittance_BBL_STANDARD,Architektonische Bauteil / Element (Allgemein)_LoadBearing_BBL_STANDARD,Projekt_Description_BBL_STANDARD,Projekt_Phase_BBL_STANDARD,Planungsperimeter / Projektperimeter_Name_BBL_STANDARD,Gebäude / Bauwerke_Name_BBL_STANDARD,Gebäude / Bauwerke_Description_BBL_STANDARD,Geschoss / Stockwerk_Name_BBL_STANDARD,Geschoss / Stockwerk_Description_BBL_STANDARD,Modelleinfügepunkte_LV95N_BBL_STANDARD,Modelleinfügepunkte_LV95E_BBL_STANDARD,Modelleinfügepunkte_Elevation_BBL_STANDARD,Modelleinfügepunkte_Name_BBL_STANDARD,eBKP-H Klassifizierung_Name_BBL_STANDARD",
Innenarchitektur_BBL_STANDARD,6.0,Innenarchitektur,2024-08-07 13:55,Simon Dilhas,14.8.2024 5:10pm,,BBL_STANDARD,Architekt,"Bestandsaufnahme,Bedürfnisformulierung,Machbarkeitsstudie,Vorprojekt,Bauprojekt,Bewilligungsverfahren / Auflage,Ausschreibung / Vergabe,Ausführungsplanung,Ausführung,Inbetriebnahme / Abschluss,Betrieb",Architekt,Architect,Architecte,Architetto,M ARCHI-IA,"Projekt_BBL_STANDARD,Planungsperimeter / Projektperimeter_BBL_STANDARD,Gebäude / Bauwerke_BBL_STANDARD,Geschoss / Stockwerk_BBL_STANDARD,Modelleinfügepunkte_BBL_STANDARD,Möbel_BBL_STANDARD",,,"Beschaffung (PM/OM)_BBL_STANDARD,Beschaffung oder Umzug von Möbeln_BBL_STANDARD,Identifizieren von verbauten Produkten_BBL_STANDARD",,Simon Dilhas,,,,,,,,,"Bestandsaufnahme, Bedürfnisformulierung, Machbarkeitsstudie, Vorprojekt, Bauprojekt, Bewilligungsverfahren / Auflage, Ausschreibung / Vergabe, Ausführungsplanung, Ausführung, Inbetriebnahme / Abschluss, Betrieb","Inventory, Formulation of needs, Feasibility study, Preliminary project, Design, Approval procedure, Tender / Award, Execution planning, Execution, Commissioning / Handover, Operation","Inventaire, Formulation des besoins, Étude de faisabilité, Projet préliminaire, Projet de construction, Procédure / édition d'approbation, Appel d'offres / prix, Planification de l'exécution, Exécution, Commission / achèvement, Opération","Inventario, Formulazione dei bisogni, Studio di fattibilità, Progetto preliminare, Progetto di costruzione, Procedura di approvazione / edizione, Tender / premio, Pianificazione dell'esecuzione, Esecuzione, Messa in servizio / completamento, Operazione",,,14.8.2024,,,,,,,,,xxx,BBL Standard,2 checked out of 3,TRUEFALSE,true,"Projekt_Name_BBL_STANDARD,Nutzungseinheit_Name_BBL_STANDARD,Möbel_Name_BBL_STANDARD,Möbel_Status_BBL_STANDARD,Architektonische Bauteil / Element (Allgemein)_Name_BBL_STANDARD,Architektonische Bauteil / Element (Allgemein)_PredefinedType_BBL_STANDARD,Architektonische Bauteil / Element (Allgemein)_Status_BBL_STANDARD,Architektonische Bauteil / Element (Allgemein)_FireRating_BBL_STANDARD,Architektonische Bauteil / Element (Allgemein)_External _BBL_STANDARD,Architektonische Bauteil / Element (Allgemein)_* Alle Mengen berechnet aus Erstellersoftware_BBL_STANDARD,Architektonische Bauteil / Element (Allgemein)_Name_BBL_STANDARD,Bauteil Typ Architektur_PointOfContact_BBL_STANDARD,Bauteil Typ Architektur_SerialNumber_BBL_STANDARD,Bauteil Typ Architektur_ModelLabel_BBL_STANDARD,Bauteil Typ Architektur_Manufacturer_BBL_STANDARD,Bauteil Typ Architektur_ModelReference_BBL_STANDARD,Architektonische Bauteil / Element (Allgemein)_AcousticRating_BBL_STANDARD,Architektonische Bauteil / Element (Allgemein)_ThermalTransmittance_BBL_STANDARD,Architektonische Bauteil / Element (Allgemein)_LoadBearing_BBL_STANDARD,Projekt_Description_BBL_STANDARD,Projekt_Phase_BBL_STANDARD,Planungsperimeter / Projektperimeter_Name_BBL_STANDARD,Gebäude / Bauwerke_Name_BBL_STANDARD,Gebäude / Bauwerke_Description_BBL_STANDARD,Geschoss / Stockwerk_Name_BBL_STANDARD,Geschoss / Stockwerk_Description_BBL_STANDARD,Modelleinfügepunkte_LV95N_BBL_STANDARD,Modelleinfügepunkte_LV95E_BBL_STANDARD,Modelleinfügepunkte_Elevation_BBL_STANDARD,Modelleinfügepunkte_Name_BBL_STANDARD,eBKP-H Klassifizierung_Name_BBL_STANDARD",
Landschaftsarchitektur_BBL_STANDARD,7.0,Landschaftsarchitektur,2024-08-13 16:02,Simon Dilhas,14.8.2024 5:10pm,,BBL_STANDARD,Architekt,,Architekt,Architect,Architecte,Architetto,M ARCHI-LA,Aussenoberflächen_BBL_STANDARD,,,Wartung / Inspektion (OM)_BBL_STANDARD,,Simon Dilhas,,,,,,,,,,,,,,,14.8.2024,,,,,,,,,xxx,BBL Standard,1 checked out of 1,TRUE,true,"Projekt_Name_BBL_STANDARD,Aussenoberflächen_NetArea_BBL_STANDARD,Aussenoberflächen_PredefinedType_BBL_STANDARD,Aussenoberflächen_Floormaterial_BBL_STANDARD,Architektonische Bauteil / Element (Allgemein)_Name_BBL_STANDARD,Architektonische Bauteil / Element (Allgemein)_PredefinedType_BBL_STANDARD,Architektonische Bauteil / Element (Allgemein)_Status_BBL_STANDARD,Architektonische Bauteil / Element (Allgemein)_FireRating_BBL_STANDARD,Architektonische Bauteil / Element (Allgemein)_External _BBL_STANDARD,Architektonische Bauteil / Element (Allgemein)_* Alle Mengen berechnet aus Erstellersoftware_BBL_STANDARD,Architektonische Bauteil / Element (Allgemein)_Name_BBL_STANDARD,Bauteil Typ Architektur_PointOfContact_BBL_STANDARD,Bauteil Typ Architektur_SerialNumber_BBL_STANDARD,Bauteil Typ Architektur_ModelLabel_BBL_STANDARD,Bauteil Typ Architektur_Manufacturer_BBL_STANDARD,Bauteil Typ Architektur_ModelReference_BBL_STANDARD,Architektonische Bauteil / Element (Allgemein)_AcousticRating_BBL_STANDARD,Architektonische Bauteil / Element (Allgemein)_ThermalTransmittance_BBL_STANDARD,Architektonische Bauteil / Element (Allgemein)_LoadBearing_BBL_STANDARD,Projekt_Description_BBL_STANDARD,Projekt_Phase_BBL_STANDARD,Planungsperimeter / Projektperimeter_Name_BBL_STANDARD,Gebäude / Bauwerke_Name_BBL_STANDARD,Gebäude / Bauwerke_Description_BBL_STANDARD,Geschoss / Stockwerk_Name_BBL_STANDARD,Geschoss / Stockwerk_Description_BBL_STANDARD,Modelleinfügepunkte_LV95N_BBL_STANDARD,Modelleinfügepunkte_LV95E_BBL_STANDARD,Modelleinfügepunkte_Elevation_BBL_STANDARD,Modelleinfügepunkte_Name_BBL_STANDARD,eBKP-H Klassifizierung_Name_BBL_STANDARD",
Bauingenieur Tragwerk inkl. Sperrzonen_BBL_STANDARD,8.0,Bauingenieur Tragwerk inkl. Sperrzonen,2024-08-07 12:47,Simon Dilhas,14.8.2024 6:05pm,,BBL_STANDARD,Bauingenieur Hochbau,"Bestandsaufnahme,Vorprojekt,Bauprojekt,Bewilligungsverfahren / Auflage,Ausschreibung / Vergabe,Ausführungsplanung,Ausführung,Inbetriebnahme / Abschluss,Betrieb",Bauingenieur Hochbau,Civil engineer building construction,Construction du bâtiment d'ingénieur civil,Costruzione di ingegnere civile,M BAUIN-TW,"Projekt_BBL_STANDARD,Planungsperimeter / Projektperimeter_BBL_STANDARD,Gebäude / Bauwerke_BBL_STANDARD,Geschoss / Stockwerk_BBL_STANDARD,Modelleinfügepunkte_BBL_STANDARD,Tragende Bauteile / Elemente (Allgemein)_BBL_STANDARD,Bauteil Typ Tragwerk_BBL_STANDARD,Aussparungen / Durchbrüche_BBL_STANDARD",,,"Visualisieren des Tragwerkes_BBL_STANDARD,Beschaffung (PM/OM)_BBL_STANDARD,Visualisieren der eBKP-h Zuordnung von Bauteilen für Plausibilisierungen_BBL_STANDARD",,Simon Dilhas,,,,,,,,,"Bestandsaufnahme, Vorprojekt, Bauprojekt, Bewilligungsverfahren / Auflage, Ausschreibung / Vergabe, Ausführungsplanung, Ausführung, Inbetriebnahme / Abschluss, Betrieb","Inventory, Preliminary project, Design, Approval procedure, Tender / Award, Execution planning, Execution, Commissioning / Handover, Operation","Inventaire, Projet préliminaire, Projet de construction, Procédure / édition d'approbation, Appel d'offres / prix, Planification de l'exécution, Exécution, Commission / achèvement, Opération","Inventario, Progetto preliminare, Progetto di costruzione, Procedura di approvazione / edizione, Tender / premio, Pianificazione dell'esecuzione, Esecuzione, Messa in servizio / completamento, Operazione",,,14.8.2024,,,,,,,,,xxx,BBL Standard,2 checked out of 3,TRUEFALSE,true,"Projekt_Name_BBL_STANDARD,Bauteil Typ Tragwerk_PointOfContact_BBL_STANDARD,Projekt_Description_BBL_STANDARD,Projekt_Phase_BBL_STANDARD,Planungsperimeter / Projektperimeter_Name_BBL_STANDARD,Gebäude / Bauwerke_Name_BBL_STANDARD,Gebäude / Bauwerke_Description_BBL_STANDARD,Geschoss / Stockwerk_Name_BBL_STANDARD,Geschoss / Stockwerk_Description_BBL_STANDARD,Modelleinfügepunkte_LV95N_BBL_STANDARD,Modelleinfügepunkte_LV95E_BBL_STANDARD,Modelleinfügepunkte_Elevation_BBL_STANDARD,Modelleinfügepunkte_Name_BBL_STANDARD,eBKP-H Klassifizierung_Name_BBL_STANDARD,Bauteil Typ Tragwerk_Manufacturer_BBL_STANDARD,Bauteil Typ Tragwerk_SerialNumber_BBL_STANDARD,Bauteil Typ Tragwerk_ModelLabel_BBL_STANDARD,Bauteil Typ Tragwerk_ModelReference_BBL_STANDARD,Tragende Bauteile / Elemente (Allgemein)_Status_BBL_STANDARD,Tragende Bauteile / Elemente (Allgemein)_LoadBearing_BBL_STANDARD,Sperrzone_Name_BBL_STANDARD",
Bauingenieur Sperrzonen_BBL_STANDARD,9.0,Bauingenieur Sperrzonen,2024-08-13 17:17,Simon Dilhas,14.8.2024 5:45pm,,BBL_STANDARD,Bauingenieur Hochbau,"Bestandsaufnahme,Vorprojekt,Bauprojekt,Bewilligungsverfahren / Auflage,Ausschreibung / Vergabe,Ausführungsplanung,Ausführung,Inbetriebnahme / Abschluss,Betrieb",Bauingenieur Hochbau,Civil engineer building construction,Construction du bâtiment d'ingénieur civil,Costruzione di ingegnere civile,M BAUIN-SZ,"Projekt_BBL_STANDARD,Planungsperimeter / Projektperimeter_BBL_STANDARD,Gebäude / Bauwerke_BBL_STANDARD,Geschoss / Stockwerk_BBL_STANDARD,Modelleinfügepunkte_BBL_STANDARD,Bauteil Typ Tragwerk_BBL_STANDARD,Sperrzone_BBL_STANDARD",,,"Visualisieren des Tragwerkes_BBL_STANDARD,Beschaffung (PM/OM)_BBL_STANDARD,Visualisieren der eBKP-h Zuordnung von Bauteilen für Plausibilisierungen_BBL_STANDARD",,Simon Dilhas,,,,,,,,,"Bestandsaufnahme, Vorprojekt, Bauprojekt, Bewilligungsverfahren / Auflage, Ausschreibung / Vergabe, Ausführungsplanung, Ausführung, Inbetriebnahme / Abschluss, Betrieb","Inventory, Preliminary project, Design, Approval procedure, Tender / Award, Execution planning, Execution, Commissioning / Handover, Operation","Inventaire, Projet préliminaire, Projet de construction, Procédure / édition d'approbation, Appel d'offres / prix, Planification de l'exécution, Exécution, Commission / achèvement, Opération","Inventario, Progetto preliminare, Progetto di costruzione, Procedura di approvazione / edizione, Tender / premio, Pianificazione dell'esecuzione, Esecuzione, Messa in servizio / completamento, Operazione",,,14.8.2024,,,,,,,,,xxx,BBL Standard,2 checked out of 3,TRUEFALSE,true,"Projekt_Name_BBL_STANDARD,Sperrzone_Name_BBL_STANDARD,Projekt_Description_BBL_STANDARD,Projekt_Phase_BBL_STANDARD,Planungsperimeter / Projektperimeter_Name_BBL_STANDARD,Gebäude / Bauwerke_Name_BBL_STANDARD,Gebäude / Bauwerke_Description_BBL_STANDARD,Geschoss / Stockwerk_Name_BBL_STANDARD,Geschoss / Stockwerk_Description_BBL_STANDARD,Modelleinfügepunkte_LV95N_BBL_STANDARD,Modelleinfügepunkte_LV95E_BBL_STANDARD,Modelleinfügepunkte_Elevation_BBL_STANDARD,Modelleinfügepunkte_Name_BBL_STANDARD",
Bauingenieur Baugrube_BBL_STANDARD,10.0,Bauingenieur Baugrube,2024-08-13 16:03,Simon Dilhas,14.8.2024 5:52pm,,BBL_STANDARD,Bauingenieur Hochbau,,Bauingenieur Hochbau,Civil engineer building construction,Construction du bâtiment d'ingénieur civil,Costruzione di ingegnere civile,M BAUIN-BG,"Aushub- & Aufschüttungsvolumen_,Projekt_BBL_STANDARD,Planungsperimeter / Projektperimeter_BBL_STANDARD,Gebäude / Bauwerke_BBL_STANDARD,Geschoss / Stockwerk_BBL_STANDARD",,,Beschaffung (PM/OM)_BBL_STANDARD,,Simon Dilhas,,,,,,,,,,,,,,,14.8.2024,,,,,,,,,xxx,BBL Standard,1 checked out of 1,TRUE,true,"Projekt_Name_BBL_STANDARD,Projekt_Description_BBL_STANDARD,Projekt_Phase_BBL_STANDARD,Planungsperimeter / Projektperimeter_Name_BBL_STANDARD,Gebäude / Bauwerke_Name_BBL_STANDARD,Gebäude / Bauwerke_Description_BBL_STANDARD,Geschoss / Stockwerk_Name_BBL_STANDARD,Geschoss / Stockwerk_Description_BBL_STANDARD,Modelleinfügepunkte_LV95N_BBL_STANDARD,Modelleinfügepunkte_LV95E_BBL_STANDARD,Modelleinfügepunkte_Elevation_BBL_STANDARD,Modelleinfügepunkte_Name_BBL_STANDARD,eBKP-H Klassifizierung_Name_BBL_STANDARD,Aushub- & Aufschüttungsvolumen_Status_BBL_STANDARD",
Bauingenieur Holzbau_BBL_STANDARD,11.0,Bauingenieur Holzbau,2024-08-14 16:51,Simon Dilhas,14.8.2024 5:39pm,,BBL_STANDARD,,,,,,,M BAUIN-HB,,,,,,Simon Dilhas,,,,,,,,,,,,,,,14.8.2024,,,,,,,,,xxx,BBL Standard,,,false,"Projekt_Name_BBL_STANDARD,Projekt_Description_BBL_STANDARD,Projekt_Phase_BBL_STANDARD,Planungsperimeter / Projektperimeter_Name_BBL_STANDARD,Gebäude / Bauwerke_Name_BBL_STANDARD,Gebäude / Bauwerke_Description_BBL_STANDARD,Geschoss / Stockwerk_Name_BBL_STANDARD,Geschoss / Stockwerk_Description_BBL_STANDARD,Modelleinfügepunkte_LV95N_BBL_STANDARD,Modelleinfügepunkte_LV95E_BBL_STANDARD,Modelleinfügepunkte_Elevation_BBL_STANDARD,Modelleinfügepunkte_Name_BBL_STANDARD,eBKP-H Klassifizierung_Name_BBL_STANDARD,Bauteil Typ Tragwerk_PointOfContact_BBL_STANDARD,Bauteil Typ Tragwerk_Manufacturer_BBL_STANDARD,Bauteil Typ Tragwerk_SerialNumber_BBL_STANDARD,Bauteil Typ Tragwerk_ModelLabel_BBL_STANDARD,Bauteil Typ Tragwerk_ModelReference_BBL_STANDARD,Tragende Bauteile / Elemente (Allgemein)_Status_BBL_STANDARD,Tragende Bauteile / Elemente (Allgemein)_LoadBearing_BBL_STANDARD",
Bauingenieur Stahlbau_BBL_STANDARD,12.0,Bauingenieur Stahlbau,2024-08-14 16:51,Simon Dilhas,14.8.2024 5:39pm,,BBL_STANDARD,,,,,,,M BAUIN-ST,,,,,,Simon Dilhas,,,,,,,,,,,,,,,14.8.2024,,,,,,,,,xxx,BBL Standard,,,false,"Projekt_Name_BBL_STANDARD,Projekt_Description_BBL_STANDARD,Projekt_Phase_BBL_STANDARD,Planungsperimeter / Projektperimeter_Name_BBL_STANDARD,Gebäude / Bauwerke_Name_BBL_STANDARD,Gebäude / Bauwerke_Description_BBL_STANDARD,Geschoss / Stockwerk_Name_BBL_STANDARD,Geschoss / Stockwerk_Description_BBL_STANDARD,Modelleinfügepunkte_LV95N_BBL_STANDARD,Modelleinfügepunkte_LV95E_BBL_STANDARD,Modelleinfügepunkte_Elevation_BBL_STANDARD,Modelleinfügepunkte_Name_BBL_STANDARD,eBKP-H Klassifizierung_Name_BBL_STANDARD,Bauteil Typ Tragwerk_PointOfContact_BBL_STANDARD,Bauteil Typ Tragwerk_Manufacturer_BBL_STANDARD,Bauteil Typ Tragwerk_SerialNumber_BBL_STANDARD,Bauteil Typ Tragwerk_ModelLabel_BBL_STANDARD,Bauteil Typ Tragwerk_ModelReference_BBL_STANDARD,Tragende Bauteile / Elemente (Allgemein)_Status_BBL_STANDARD,Tragende Bauteile / Elemente (Allgemein)_LoadBearing_BBL_STANDARD",
Bauingenieur Tiefbau & Werkleitungen_BBL_STANDARD,13.0,Bauingenieur Tiefbau & Werkleitungen,2024-08-14 16:51,Simon Dilhas,14.8.2024 5:39pm,,BBL_STANDARD,,,,,,,M BAUIN-TB,,,,,,Simon Dilhas,,,,,,,,,,,,,,,14.8.2024,,,,,,,,,xxx,BBL Standard,,,false,"Projekt_Name_BBL_STANDARD,Projekt_Description_BBL_STANDARD,Projekt_Phase_BBL_STANDARD,Planungsperimeter / Projektperimeter_Name_BBL_STANDARD,Gebäude / Bauwerke_Name_BBL_STANDARD,Gebäude / Bauwerke_Description_BBL_STANDARD,Geschoss / Stockwerk_Name_BBL_STANDARD,Geschoss / Stockwerk_Description_BBL_STANDARD,Modelleinfügepunkte_LV95N_BBL_STANDARD,Modelleinfügepunkte_LV95E_BBL_STANDARD,Modelleinfügepunkte_Elevation_BBL_STANDARD,Modelleinfügepunkte_Name_BBL_STANDARD,eBKP-H Klassifizierung_Name_BBL_STANDARD,Bauteil Typ Tragwerk_PointOfContact_BBL_STANDARD,Bauteil Typ Tragwerk_Manufacturer_BBL_STANDARD,Bauteil Typ Tragwerk_SerialNumber_BBL_STANDARD,Bauteil Typ Tragwerk_ModelLabel_BBL_STANDARD,Bauteil Typ Tragwerk_ModelReference_BBL_STANDARD,Tragende Bauteile / Elemente (Allgemein)_Status_BBL_STANDARD,Tragende Bauteile / Elemente (Allgemein)_LoadBearing_BBL_STANDARD",
HLKSE Aussparungen_BBL_STANDARD,14.0,HLKSE Aussparungen,2024-08-14 16:53,Simon Dilhas,14.8.2024 5:39pm,,BBL_STANDARD,,,,,,,M HLKSE-AU,,,,,,Simon Dilhas,,,,,,,,,,,,,,,14.8.2024,,,,,,,,,xxx,BBL Standard,,,false,"Projekt_Name_BBL_STANDARD,Projekt_Description_BBL_STANDARD,Projekt_Phase_BBL_STANDARD,Planungsperimeter / Projektperimeter_Name_BBL_STANDARD,Gebäude / Bauwerke_Name_BBL_STANDARD,Gebäude / Bauwerke_Description_BBL_STANDARD,Geschoss / Stockwerk_Name_BBL_STANDARD,Geschoss / Stockwerk_Description_BBL_STANDARD,Modelleinfügepunkte_LV95N_BBL_STANDARD,Modelleinfügepunkte_LV95E_BBL_STANDARD,Modelleinfügepunkte_Elevation_BBL_STANDARD,Modelleinfügepunkte_Name_BBL_STANDARD,eBKP-H Klassifizierung_Name_BBL_STANDARD,Aussparungen / Durchbrüche_PredefinedType_",
HLKSE Elektroplanung_BBL_STANDARD,14.5,HLKSE Elektroplanung,2024-08-07 11:19,Simon Dilhas,14.8.2024 5:34pm,,BBL_STANDARD,Elektroplaner,"Bestandsaufnahme,Vorprojekt,Bauprojekt,Bewilligungsverfahren / Auflage,Ausschreibung / Vergabe,Ausführungsplanung,Ausführung,Inbetriebnahme / Abschluss,Betrieb",Elektroplaner,Electroplaner,Électroplaner,Elettroplaner,M HLKSE-EL,"Projekt_BBL_STANDARD,Planungsperimeter / Projektperimeter_BBL_STANDARD,Gebäude / Bauwerke_BBL_STANDARD,Geschoss / Stockwerk_BBL_STANDARD,Modelleinfügepunkte_BBL_STANDARD,Elektroanlagen (System)_BBL_STANDARD,Elektro Bauteil/Elemente/Komponenten (Allgemein)_BBL_STANDARD,eBKP-H Klassifizierung_BBL_STANDARD,Bauteil Typ Elektro_BBL_STANDARD",,,"Wartung / Inspektion (OM)_BBL_STANDARD,Datenübergabe in Bewirtschaftung BBL_BBL_STANDARD,Visualisieren der eBKP-h Zuordnung von Bauteilen für Plausibilisierungen_BBL_STANDARD,Identifizieren von verbauten Produkten_BBL_STANDARD,""Visualisieren von Abbruchs, und Neubauarbeiten für die Qualitätssicherung_BBL_STANDARD"",Gebäudeaufnahme als Grundlage für Projekt_BBL_STANDARD",,Simon Dilhas,,,,,,,,,"Bestandsaufnahme, Vorprojekt, Bauprojekt, Bewilligungsverfahren / Auflage, Ausschreibung / Vergabe, Ausführungsplanung, Ausführung, Inbetriebnahme / Abschluss, Betrieb","Inventory, Preliminary project, Design, Approval procedure, Tender / Award, Execution planning, Execution, Commissioning / Handover, Operation","Inventaire, Projet préliminaire, Projet de construction, Procédure / édition d'approbation, Appel d'offres / prix, Planification de l'exécution, Exécution, Commission / achèvement, Opération","Inventario, Progetto preliminare, Progetto di costruzione, Procedura di approvazione / edizione, Tender / premio, Pianificazione dell'esecuzione, Esecuzione, Messa in servizio / completamento, Operazione",,,14.8.2024,,,,,,,,,xxx,BBL Standard,3 checked out of 6,TRUEFALSE,true,"Projekt_Name_BBL_STANDARD,Nutzungseinheit_Name_BBL_STANDARD,Projekt_Description_BBL_STANDARD,Projekt_Phase_BBL_STANDARD,Planungsperimeter / Projektperimeter_Name_BBL_STANDARD,Gebäude / Bauwerke_Name_BBL_STANDARD,Gebäude / Bauwerke_Description_BBL_STANDARD,Geschoss / Stockwerk_Name_BBL_STANDARD,Geschoss / Stockwerk_Description_BBL_STANDARD,Modelleinfügepunkte_LV95N_BBL_STANDARD,Modelleinfügepunkte_LV95E_BBL_STANDARD,Modelleinfügepunkte_Elevation_BBL_STANDARD,Modelleinfügepunkte_Name_BBL_STANDARD,eBKP-H Klassifizierung_Name_BBL_STANDARD,HLKSE Bauteil Typ_ModelReference_BBL_STANDARD,HLKSE Bauteil/Elemente/Komponenten (Allgemein)_Status_BBL_STANDARD,HLKSE Bauteil Typ_ModelLabel_BBL_STANDARD,HLKSE Bauteil Typ_SerialNumber_BBL_STANDARD,HLKSE Bauteil Typ_Manufacturer_BBL_STANDARD,HLKSE Bauteil Typ_PointOfContact_BBL_STANDARD,HLKSE System_Name_BBL_STANDARD,HLKSE Bauteil/Elemente/Komponenten (Allgemein)_Name_BBL_STANDARD",
HLKSE Lichtplanung_BBL_STANDARD,15.0,HLKSE Lichtplanung,2024-08-14 16:53,Simon Dilhas,14.8.2024 5:39pm,,BBL_STANDARD,,,,,,,M HLKSE-LI,,,,,,Simon Dilhas,,,,,,,,,,,,,,,14.8.2024,,,,,,,,,xxx,BBL Standard,,,false,"Projekt_Name_BBL_STANDARD,Projekt_Description_BBL_STANDARD,Projekt_Phase_BBL_STANDARD,Planungsperimeter / Projektperimeter_Name_BBL_STANDARD,Gebäude / Bauwerke_Name_BBL_STANDARD,Gebäude / Bauwerke_Description_BBL_STANDARD,Geschoss / Stockwerk_Name_BBL_STANDARD,Geschoss / Stockwerk_Description_BBL_STANDARD,Modelleinfügepunkte_LV95N_BBL_STANDARD,Modelleinfügepunkte_LV95E_BBL_STANDARD,Modelleinfügepunkte_Elevation_BBL_STANDARD,Modelleinfügepunkte_Name_BBL_STANDARD,eBKP-H Klassifizierung_Name_BBL_STANDARD,HLKSE Bauteil Typ_ModelReference_BBL_STANDARD,HLKSE Bauteil/Elemente/Komponenten (Allgemein)_Status_BBL_STANDARD,HLKSE Bauteil Typ_ModelLabel_BBL_STANDARD,HLKSE Bauteil Typ_SerialNumber_BBL_STANDARD,HLKSE Bauteil Typ_Manufacturer_BBL_STANDARD,HLKSE Bauteil Typ_PointOfContact_BBL_STANDARD,HLKSE System_Name_BBL_STANDARD,HLKSE Bauteil/Elemente/Komponenten (Allgemein)_Name_BBL_STANDARD",
HLKSE Heizung-Kälte_BBL_STANDARD,17.0,HLKSE Heizung-Kälte,2024-02-27 18:20,Simon Dilhas,14.8.2024 5:34pm,,BBL_STANDARD,Heizungsplaner,"Bestandsaufnahme,Bedürfnisformulierung,Machbarkeitsstudie,Vorprojekt,Bauprojekt,Bewilligungsverfahren / Auflage,Ausschreibung / Vergabe,Ausführungsplanung,Ausführung,Inbetriebnahme / Abschluss,Betrieb",Heizungsplaner,Heating planner,Planificateur de chauffage,Pianificatore di riscaldamento,M HLKSE-HK,"Projekt_BBL_STANDARD,Planungsperimeter / Projektperimeter_BBL_STANDARD,Gebäude / Bauwerke_BBL_STANDARD,Geschoss / Stockwerk_BBL_STANDARD,Modelleinfügepunkte_BBL_STANDARD,HLKSE Bauteil/Elemente/Komponenten (Allgemein)_BBL_STANDARD,HLKSE Bauteil Typ_BBL_STANDARD",,,"Wartung / Inspektion (OM)_BBL_STANDARD,Datenübergabe in Bewirtschaftung BBL_BBL_STANDARD,Visualisieren der eBKP-h Zuordnung von Bauteilen für Plausibilisierungen_BBL_STANDARD,Identifizieren von verbauten Produkten_BBL_STANDARD,""Visualisieren von Abbruchs, und Neubauarbeiten für die Qualitätssicherung_BBL_STANDARD"",Gebäudeaufnahme als Grundlage für Projekt_BBL_STANDARD",,Simon Dilhas,,,,,,,,,"Bestandsaufnahme, Bedürfnisformulierung, Machbarkeitsstudie, Vorprojekt, Bauprojekt, Bewilligungsverfahren / Auflage, Ausschreibung / Vergabe, Ausführungsplanung, Ausführung, Inbetriebnahme / Abschluss, Betrieb","Inventory, Formulation of needs, Feasibility study, Preliminary project, Design, Approval procedure, Tender / Award, Execution planning, Execution, Commissioning / Handover, Operation","Inventaire, Formulation des besoins, Étude de faisabilité, Projet préliminaire, Projet de construction, Procédure / édition d'approbation, Appel d'offres / prix, Planification de l'exécution, Exécution, Commission / achèvement, Opération","Inventario, Formulazione dei bisogni, Studio di fattibilità, Progetto preliminare, Progetto di costruzione, Procedura di approvazione / edizione, Tender / premio, Pianificazione dell'esecuzione, Esecuzione, Messa in servizio / completamento, Operazione",,,14.8.2024,,,Modell IFC,Modello IFC,Modèle IFC,Model IFC,Modell IFC,,xxx,BBL Standard,3 checked out of 6,TRUEFALSE,true,"Projekt_Name_BBL_STANDARD,Nutzungseinheit_Name_BBL_STANDARD,Projekt_Description_BBL_STANDARD,Projekt_Phase_BBL_STANDARD,Planungsperimeter / Projektperimeter_Name_BBL_STANDARD,Gebäude / Bauwerke_Name_BBL_STANDARD,Gebäude / Bauwerke_Description_BBL_STANDARD,Geschoss / Stockwerk_Name_BBL_STANDARD,Geschoss / Stockwerk_Description_BBL_STANDARD,Modelleinfügepunkte_LV95N_BBL_STANDARD,Modelleinfügepunkte_LV95E_BBL_STANDARD,Modelleinfügepunkte_Elevation_BBL_STANDARD,Modelleinfügepunkte_Name_BBL_STANDARD,eBKP-H Klassifizierung_Name_BBL_STANDARD,HLKSE Bauteil Typ_ModelReference_BBL_STANDARD,HLKSE Bauteil/Elemente/Komponenten (Allgemein)_Status_BBL_STANDARD,HLKSE Bauteil Typ_ModelLabel_BBL_STANDARD,HLKSE Bauteil Typ_SerialNumber_BBL_STANDARD,HLKSE Bauteil Typ_Manufacturer_BBL_STANDARD,HLKSE Bauteil Typ_PointOfContact_BBL_STANDARD,HLKSE System_Name_BBL_STANDARD,HLKSE Bauteil/Elemente/Komponenten (Allgemein)_Name_BBL_STANDARD",
HLKSE Lüftung-Klima_BBL_STANDARD,18.0,HLKSE Lüftung-Klima,2024-08-07 11:11,Simon Dilhas,14.8.2024 5:34pm,,BBL_STANDARD,Lüftungsplaner,"Bestandsaufnahme,Vorprojekt,Bauprojekt,Bewilligungsverfahren / Auflage,Ausschreibung / Vergabe,Ausführungsplanung,Ausführung,Inbetriebnahme / Abschluss,Betrieb",Lüftungsplaner,Ventilation engineer,Ventilateur,Ventilatore,M HLKSE-LK,"Projekt_BBL_STANDARD,Planungsperimeter / Projektperimeter_BBL_STANDARD,Gebäude / Bauwerke_BBL_STANDARD,Geschoss / Stockwerk_BBL_STANDARD,Modelleinfügepunkte_BBL_STANDARD,Lüftungs Bauteil/Elemente/Komponenten (Allgemein)_BBL_STANDARD,Lüftungsanlagen (System)_BBL_STANDARD,eBKP-H Klassifizierung_BBL_STANDARD,Bauteil Typ Lüftung_BBL_STANDARD",,,"Wartung / Inspektion (OM)_BBL_STANDARD,Datenübergabe in Bewirtschaftung BBL_BBL_STANDARD,Visualisieren der eBKP-h Zuordnung von Bauteilen für Plausibilisierungen_BBL_STANDARD,Identifizieren von verbauten Produkten_BBL_STANDARD,""Visualisieren von Abbruchs, und Neubauarbeiten für die Qualitätssicherung_BBL_STANDARD"",Gebäudeaufnahme als Grundlage für Projekt_BBL_STANDARD",,Simon Dilhas,,,,,,,,,"Bestandsaufnahme, Vorprojekt, Bauprojekt, Bewilligungsverfahren / Auflage, Ausschreibung / Vergabe, Ausführungsplanung, Ausführung, Inbetriebnahme / Abschluss, Betrieb","Inventory, Preliminary project, Design, Approval procedure, Tender / Award, Execution planning, Execution, Commissioning / Handover, Operation","Inventaire, Projet préliminaire, Projet de construction, Procédure / édition d'approbation, Appel d'offres / prix, Planification de l'exécution, Exécution, Commission / achèvement, Opération","Inventario, Progetto preliminare, Progetto di costruzione, Procedura di approvazione / edizione, Tender / premio, Pianificazione dell'esecuzione, Esecuzione, Messa in servizio / completamento, Operazione",,,14.8.2024,,,,,,,,,xxx,BBL Standard,3 checked out of 6,TRUEFALSE,true,"Projekt_Name_BBL_STANDARD,Nutzungseinheit_Name_BBL_STANDARD,Projekt_Description_BBL_STANDARD,Projekt_Phase_BBL_STANDARD,Planungsperimeter / Projektperimeter_Name_BBL_STANDARD,Gebäude / Bauwerke_Name_BBL_STANDARD,Gebäude / Bauwerke_Description_BBL_STANDARD,Geschoss / Stockwerk_Name_BBL_STANDARD,Geschoss / Stockwerk_Description_BBL_STANDARD,Modelleinfügepunkte_LV95N_BBL_STANDARD,Modelleinfügepunkte_LV95E_BBL_STANDARD,Modelleinfügepunkte_Elevation_BBL_STANDARD,Modelleinfügepunkte_Name_BBL_STANDARD,eBKP-H Klassifizierung_Name_BBL_STANDARD,HLKSE Bauteil Typ_ModelReference_BBL_STANDARD,HLKSE Bauteil/Elemente/Komponenten (Allgemein)_Status_BBL_STANDARD,HLKSE Bauteil Typ_ModelLabel_BBL_STANDARD,HLKSE Bauteil Typ_SerialNumber_BBL_STANDARD,HLKSE Bauteil Typ_Manufacturer_BBL_STANDARD,HLKSE Bauteil Typ_PointOfContact_BBL_STANDARD,HLKSE System_Name_BBL_STANDARD,HLKSE Bauteil/Elemente/Komponenten (Allgemein)_Name_BBL_STANDARD",
HLKSE Gebäudeautomation_BBL_STANDARD,19.0,HLKSE Gebäudeautomation,2024-08-14 16:53,Simon Dilhas,14.8.2024 5:39pm,,BBL_STANDARD,,,,,,,M HLKSE-GA,,,,,,Simon Dilhas,,,,,,,,,,,,,,,14.8.2024,,,,,,,,,xxx,BBL Standard,,,false,"Projekt_Name_BBL_STANDARD,Projekt_Description_BBL_STANDARD,Projekt_Phase_BBL_STANDARD,Planungsperimeter / Projektperimeter_Name_BBL_STANDARD,Gebäude / Bauwerke_Name_BBL_STANDARD,Gebäude / Bauwerke_Description_BBL_STANDARD,Geschoss / Stockwerk_Name_BBL_STANDARD,Geschoss / Stockwerk_Description_BBL_STANDARD,Modelleinfügepunkte_LV95N_BBL_STANDARD,Modelleinfügepunkte_LV95E_BBL_STANDARD,Modelleinfügepunkte_Elevation_BBL_STANDARD,Modelleinfügepunkte_Name_BBL_STANDARD,eBKP-H Klassifizierung_Name_BBL_STANDARD,HLKSE Bauteil Typ_ModelReference_BBL_STANDARD,HLKSE Bauteil/Elemente/Komponenten (Allgemein)_Status_BBL_STANDARD,HLKSE Bauteil Typ_ModelLabel_BBL_STANDARD,HLKSE Bauteil Typ_SerialNumber_BBL_STANDARD,HLKSE Bauteil Typ_Manufacturer_BBL_STANDARD,HLKSE Bauteil Typ_PointOfContact_BBL_STANDARD,HLKSE System_Name_BBL_STANDARD,HLKSE Bauteil/Elemente/Komponenten (Allgemein)_Name_BBL_STANDARD",
HLKSE Sanitärplanung_BBL_STANDARD,20.0,HLKSE Sanitärplanung,2024-08-07 11:11,Simon Dilhas,14.8.2024 5:34pm,,BBL_STANDARD,Sanitärplaner,"Bestandsaufnahme,Vorprojekt,Bauprojekt,Bewilligungsverfahren / Auflage,Ausschreibung / Vergabe,Ausführungsplanung,Ausführung,Inbetriebnahme / Abschluss,Betrieb",Sanitärplaner,Sanitary planner,Planificateur sanitaire,Pianificatore sanitario, M HLKSE-SA,"Projekt_BBL_STANDARD,Planungsperimeter / Projektperimeter_BBL_STANDARD,Gebäude / Bauwerke_BBL_STANDARD,Geschoss / Stockwerk_BBL_STANDARD,Modelleinfügepunkte_BBL_STANDARD,Sanitär Bauteil/Elemente/Komponenten (Allgemein)_BBL_STANDARD,Sanitäranlagen (System)_BBL_STANDARD,eBKP-H Klassifizierung_BBL_STANDARD,Bauteil Typ Sanitär_BBL_STANDARD",,,"Wartung / Inspektion (OM)_BBL_STANDARD,Datenübergabe in Bewirtschaftung BBL_BBL_STANDARD,Visualisieren der eBKP-h Zuordnung von Bauteilen für Plausibilisierungen_BBL_STANDARD,Identifizieren von verbauten Produkten_BBL_STANDARD,""Visualisieren von Abbruchs, und Neubauarbeiten für die Qualitätssicherung_BBL_STANDARD"",Gebäudeaufnahme als Grundlage für Projekt_BBL_STANDARD",,Simon Dilhas,,,,,,,,,"Bestandsaufnahme, Vorprojekt, Bauprojekt, Bewilligungsverfahren / Auflage, Ausschreibung / Vergabe, Ausführungsplanung, Ausführung, Inbetriebnahme / Abschluss, Betrieb","Inventory, Preliminary project, Design, Approval procedure, Tender / Award, Execution planning, Execution, Commissioning / Handover, Operation","Inventaire, Projet préliminaire, Projet de construction, Procédure / édition d'approbation, Appel d'offres / prix, Planification de l'exécution, Exécution, Commission / achèvement, Opération","Inventario, Progetto preliminare, Progetto di costruzione, Procedura di approvazione / edizione, Tender / premio, Pianificazione dell'esecuzione, Esecuzione, Messa in servizio / completamento, Operazione",,,14.8.2024,,,,,,,,,xxx,BBL Standard,3 checked out of 6,TRUEFALSE,true,"Projekt_Name_BBL_STANDARD,Nutzungseinheit_Name_BBL_STANDARD,Projekt_Description_BBL_STANDARD,Projekt_Phase_BBL_STANDARD,Planungsperimeter / Projektperimeter_Name_BBL_STANDARD,Gebäude / Bauwerke_Name_BBL_STANDARD,Gebäude / Bauwerke_Description_BBL_STANDARD,Geschoss / Stockwerk_Name_BBL_STANDARD,Geschoss / Stockwerk_Description_BBL_STANDARD,Modelleinfügepunkte_LV95N_BBL_STANDARD,Modelleinfügepunkte_LV95E_BBL_STANDARD,Modelleinfügepunkte_Elevation_BBL_STANDARD,Modelleinfügepunkte_Name_BBL_STANDARD,eBKP-H Klassifizierung_Name_BBL_STANDARD,HLKSE Bauteil Typ_ModelReference_BBL_STANDARD,HLKSE Bauteil/Elemente/Komponenten (Allgemein)_Status_BBL_STANDARD,HLKSE Bauteil Typ_ModelLabel_BBL_STANDARD,HLKSE Bauteil Typ_SerialNumber_BBL_STANDARD,HLKSE Bauteil Typ_Manufacturer_BBL_STANDARD,HLKSE Bauteil Typ_PointOfContact_BBL_STANDARD,HLKSE System_Name_BBL_STANDARD,HLKSE Bauteil/Elemente/Komponenten (Allgemein)_Name_BBL_STANDARD",
HLKSE Sprinklerplanung_BBL_STANDARD,21.0,HLKSE Sprinklerplanung,2024-08-14 16:56,Simon Dilhas,14.8.2024 5:39pm,,BBL_STANDARD,,,,,,,M HLKSE-SP,,,,,,Simon Dilhas,,,,,,,,,,,,,,,14.8.2024,,,,,,,,,xxx,BBL Standard,,,false,"Projekt_Name_BBL_STANDARD,Projekt_Description_BBL_STANDARD,Projekt_Phase_BBL_STANDARD,Planungsperimeter / Projektperimeter_Name_BBL_STANDARD,Gebäude / Bauwerke_Name_BBL_STANDARD,Gebäude / Bauwerke_Description_BBL_STANDARD,Geschoss / Stockwerk_Name_BBL_STANDARD,Geschoss / Stockwerk_Description_BBL_STANDARD,Modelleinfügepunkte_LV95N_BBL_STANDARD,Modelleinfügepunkte_LV95E_BBL_STANDARD,Modelleinfügepunkte_Elevation_BBL_STANDARD,Modelleinfügepunkte_Name_BBL_STANDARD,eBKP-H Klassifizierung_Name_BBL_STANDARD,HLKSE Bauteil Typ_ModelReference_BBL_STANDARD,HLKSE Bauteil/Elemente/Komponenten (Allgemein)_Status_BBL_STANDARD,HLKSE Bauteil Typ_ModelLabel_BBL_STANDARD,HLKSE Bauteil Typ_SerialNumber_BBL_STANDARD,HLKSE Bauteil Typ_Manufacturer_BBL_STANDARD,HLKSE Bauteil Typ_PointOfContact_BBL_STANDARD,HLKSE System_Name_BBL_STANDARD,HLKSE Bauteil/Elemente/Komponenten (Allgemein)_Name_BBL_STANDARD",
Spezialist Sicherheitsplanung_BBL_STANDARD,22.0,Spezialist Sicherheitsplanung,2024-08-13 16:02,Simon Dilhas,14.8.2024 5:34pm,,BBL_STANDARD,Spezialist,,Spezialist,,,,M SPEZI-SI,,,,Visualisieren der Sicherheitszonen_BBL_STANDARD,,Simon Dilhas,,,,,,,,,,,,,,,14.8.2024,,,,,,,,,xxx,BBL Standard,1 checked out of 1,TRUE,true,"Projekt_Name_BBL_STANDARD,Architektonische Bauteil / Element (Allgemein)_Name_BBL_STANDARD,Architektonische Bauteil / Element (Allgemein)_PredefinedType_BBL_STANDARD,Architektonische Bauteil / Element (Allgemein)_Status_BBL_STANDARD,Architektonische Bauteil / Element (Allgemein)_External _BBL_STANDARD,Architektonische Bauteil / Element (Allgemein)_* Alle Mengen berechnet aus Erstellersoftware_BBL_STANDARD,Architektonische Bauteil / Element (Allgemein)_Name_BBL_STANDARD,Bauteil Typ Architektur_PointOfContact_BBL_STANDARD,Bauteil Typ Architektur_SerialNumber_BBL_STANDARD,Bauteil Typ Architektur_ModelLabel_BBL_STANDARD,Bauteil Typ Architektur_Manufacturer_BBL_STANDARD,Bauteil Typ Architektur_ModelReference_BBL_STANDARD,Nutzungseinheit_Name_BBL_STANDARD,Projekt_Description_BBL_STANDARD,Projekt_Phase_BBL_STANDARD,Planungsperimeter / Projektperimeter_Name_BBL_STANDARD,Gebäude / Bauwerke_Name_BBL_STANDARD,Gebäude / Bauwerke_Description_BBL_STANDARD,Geschoss / Stockwerk_Name_BBL_STANDARD,Geschoss / Stockwerk_Description_BBL_STANDARD,Modelleinfügepunkte_LV95N_BBL_STANDARD,Modelleinfügepunkte_LV95E_BBL_STANDARD,Modelleinfügepunkte_Elevation_BBL_STANDARD,Modelleinfügepunkte_Name_BBL_STANDARD,eBKP-H Klassifizierung_Name_BBL_STANDARD,HLKSE Bauteil Typ_ModelReference_BBL_STANDARD,HLKSE Bauteil Typ_ModelLabel_BBL_STANDARD,HLKSE Bauteil Typ_SerialNumber_BBL_STANDARD,HLKSE Bauteil Typ_Manufacturer_BBL_STANDARD,HLKSE Bauteil Typ_PointOfContact_BBL_STANDARD,HLKSE System_Name_BBL_STANDARD,HLKSE Bauteil/Elemente/Komponenten (Allgemein)_Status_BBL_STANDARD,HLKSE Bauteil/Elemente/Komponenten (Allgemein)_Name_BBL_STANDARD",